DeployID,Ptt,Instr,Date,Type,Quality,Latitude,Longitude,Error radius,Error Semi-major axis,Error Semi-minor axis,Error Ellipse orientation,Offset,Offset orientation,GPE MSD,GPE U,Count,Comment
PV2016_3024_15A0909,160941,Mk10,03:08:48 22-Sep-2016,Argos,B,52.7370,173.9152,,,,,,,,,,
PV2016_3024_15A0909,160941,Mk10,03:38:04 22-Sep-2016,Argos,A,52.7439,173.9186,217,454,103,105,,,,,,
PV2016_3024_15A0909,160941,Mk10,04:00:45 22-Sep-2016,Argos,1,52.7489,173.9338,655,2375,180,113,,,,,,
PV2016_3024_15A0909,160941,Mk10,04:47:41 22-Sep-2016,Argos,3,52.7403,173.9141,189,628,56,62,,,,,,
PV2016_3024_15A0909,160941,Mk10,05:17:13 22-Sep-2016,Argos,2,52.7500,173.9153,272,2336,31,78,,,,,,
PV2016_3024_15A0909,160941,Mk10,05:40:38 22-Sep-2016,Argos,1,52.7458,173.9069,850,3493,206,69,,,,,,
PV2016_3024_15A0909,160941,Mk10,06:35:42 22-Sep-2016,Argos,B,52.7492,173.9077,3067,5343,1760,91,,,,,,
PV2016_3024_15A0909,160941,Mk10,06:55:25 22-Sep-2016,Argos,B,52.7471,173.9058,1761,3293,941,85,,,,,,
PV2016_3024_15A0909,160941,Mk10,07:16:39 22-Sep-2016,Argos,B,52.7519,173.9094,3034,6088,1512,96,,,,,,
PV2016_3024_15A0909,160941,Mk10,07:45:28 22-Sep-2016,Argos,B,52.7506,173.9095,2796,6778,1153,94,,,,,,
PV2016_3024_15A0909,160941,Mk10,06:33:50 23-Sep-2016,Argos,B,52.7833,173.8959,4094,13350,1255,103,,,,,,
PV2016_3024_15A0909,160941,Mk10,09:56:56 23-Sep-2016,Argos,B,52.7893,173.8464,3698,7314,1869,113,,,,,,
PV2016_3024_15A0909,160941,Mk10,14:29:41 23-Sep-2016,Argos,B,52.7709,173.8366,3172,10220,984,91,,,,,,
PV2016_3024_15A0909,160941,Mk10,16:08:53 23-Sep-2016,Argos,A,52.7503,173.9147,390,6518,23,101,,,,,,
PV2016_3024_15A0909,160941,Mk10,17:01:28 23-Sep-2016,Argos,B,52.7484,173.9222,1050,2017,546,93,,,,,,
PV2016_3024_15A0909,160941,Mk10,17:45:30 23-Sep-2016,Argos,2,52.7512,173.9134,283,420,189,87,,,,,,
PV2016_3024_15A0909,160941,Mk10,18:09:41 23-Sep-2016,Argos,3,52.7523,173.9127,188,561,62,87,,,,,,
PV2016_3024_15A0909,160941,Mk10,18:35:26 23-Sep-2016,Argos,A,52.7534,173.8991,406,2978,55,100,,,,,,
PV2016_3024_15A0909,160941,Mk10,18:36:42 23-Sep-2016,Argos,A,52.7544,173.9101,146,295,72,81,,,,,,
PV2016_3024_15A0909,160941,Mk10,19:49:14 23-Sep-2016,Argos,B,52.7534,173.9104,1144,1995,655,88,,,,,,
PV2016_3024_15A0909,160941,Mk10,21:14:23 23-Sep-2016,Argos,B,52.7683,173.9354,1115,7596,163,101,,,,,,
PV2016_3024_15A0909,160941,Mk10,22:06:02 23-Sep-2016,Argos,B,52.7701,173.9432,1493,4104,543,98,,,,,,
PV2016_3024_15A0909,160941,Mk10,22:53:57 23-Sep-2016,Argos,A,52.7617,173.9017,3635,41043,322,113,,,,,,
PV2016_3024_15A0909,160941,Mk10,02:01:32 24-Sep-2016,Argos,B,52.7517,173.9000,2329,41418,131,111,,,,,,
PV2016_3024_15A0909,160941,Mk10,02:48:40 24-Sep-2016,Argos,0,52.8778,173.4250,12004,24161,5963,122,,,,,,Lon > 4 deviations from mean
PV2016_3024_15A0909,160941,Mk10,02:48:53 24-Sep-2016,Argos,0,52.8856,173.5615,15327,33954,6918,127,,,,,,Lat > 4 deviations from mean
PV2016_3024_15A0909,160941,Mk10,06:03:19 24-Sep-2016,Argos,B,52.7022,173.8115,53697,188534,15293,65,,,,,,
PV2016_3024_15A0909,160941,Mk10,06:03:47 24-Sep-2016,Argos,1,52.7482,173.9044,1153,16383,81,78,,,,,,
PV2016_3024_15A0909,160941,Mk10,06:19:21 24-Sep-2016,Argos,B,52.7080,173.8366,46616,122059,17802,68,,,,,,
PV2016_3024_15A0909,160941,Mk10,08:00:02 24-Sep-2016,Argos,B,52.6833,173.8853,12676,22312,7201,75,,,,,,
PV2016_3024_15A0909,160941,Mk10,08:48:09 24-Sep-2016,Argos,B,52.7309,173.8474,3313,58379,188,69,,,,,,
PV2016_3024_15A0909,160941,Mk10,16:01:16 24-Sep-2016,Argos,A,52.7190,173.8438,282,694,114,106,,,,,,
PV2016_3024_15A0909,160941,Mk10,16:04:45 24-Sep-2016,Argos,A,52.7097,173.8384,772,2033,293,101,,,,,,
PV2016_3024_15A0909,160941,Mk10,15:46:05 25-Sep-2016,Argos,B,52.6846,173.8303,18142,130482,2522,96,,,,,,
PV2016_3024_15A0909,160941,Mk10,08:35:34 26-Sep-2016,Argos,B,52.7011,173.9694,22499,94137,5377,92,,,,,,
PV2016_3024_15A0909,160941,Mk10,08:51:26 26-Sep-2016,Argos,B,52.7195,173.9169,19529,134736,2830,91,,,,,,
PV2016_3024_15A0909,160941,Mk10,16:37:41 26-Sep-2016,Argos,2,52.7506,173.8928,370,1222,111,89,,,,,,
PV2016_3024_15A0909,160941,Mk10,17:13:21 26-Sep-2016,Argos,A,52.7490,173.9003,398,981,161,31,,,,,,
PV2016_3024_15A0909,160941,Mk10,17:27:59 26-Sep-2016,Argos,B,52.7490,173.9017,588,864,400,83,,,,,,
PV2016_3024_15A0909,160941,Mk10,18:03:43 26-Sep-2016,Argos,B,52.7484,173.9057,720,3814,135,73,,,,,,
PV2016_3024_15A0909,160941,Mk10,18:15:51 26-Sep-2016,Argos,3,52.7484,173.8979,157,606,40,95,,,,,,
PV2016_3024_15A0909,160941,Mk10,19:05:09 26-Sep-2016,Argos,B,52.7475,173.8900,700,6740,72,95,,,,,,
PV2016_3024_15A0909,160941,Mk10,19:41:35 26-Sep-2016,Argos,B,52.7229,173.8916,1198,2264,633,93,,,,,,
PV2016_3024_15A0909,160941,Mk10,01:23:20 27-Sep-2016,Argos,2,52.7521,173.8987,371,820,167,82,,,,,,
PV2016_3024_15A0909,160941,Mk10,04:05:02 29-Sep-2016,Argos,3,52.7553,173.8947,239,894,63,90,,,,,,
PV2016_3024_15A0909,160941,Mk10,04:21:30 29-Sep-2016,Argos,2,52.7464,173.8864,487,1269,186,123,,,,,,
PV2016_3024_15A0909,160941,Mk10,05:11:33 29-Sep-2016,Argos,3,52.7504,173.8930,149,374,59,62,,,,,,
PV2016_3024_15A0909,160941,Mk10,05:41:53 29-Sep-2016,Argos,B,52.7505,173.8950,550,8970,33,84,,,,,,
PV2016_3024_15A0909,160941,Mk10,06:54:55 29-Sep-2016,Argos,B,52.7484,173.8967,1330,2280,775,91,,,,,,
PV2016_3024_15A0909,160941,Mk10,06:57:11 29-Sep-2016,Argos,B,52.7371,173.8950,1019,7193,144,91,,,,,,
PV2016_3024_15A0909,160941,Mk10,08:35:56 29-Sep-2016,Argos,3,52.7509,173.9035,211,729,60,78,,,,,,
PV2016_3024_15A0909,160941,Mk10,08:39:59 29-Sep-2016,Argos,A,52.7531,173.9007,233,427,126,101,,,,,,
PV2016_3024_15A0909,160941,Mk10,09:36:20 29-Sep-2016,Argos,B,52.7523,173.9037,925,2004,427,87,,,,,,
PV2016_3024_15A0909,160941,Mk10,15:08:28 29-Sep-2016,Argos,B,52.7511,173.9148,2475,3648,1679,86,,,,,,
PV2016_3024_15A0909,160941,Mk10,16:45:48 29-Sep-2016,Argos,B,52.7505,173.9124,1906,80743,45,87,,,,,,
PV2016_3024_15A0909,160941,Mk10,16:46:53 29-Sep-2016,Argos,B,52.7506,173.9134,1434,26952,76,87,,,,,,
PV2016_3024_15A0909,160941,Mk10,17:24:08 29-Sep-2016,Argos,1,52.7688,173.9110,687,912,516,41,,,,,,
PV2016_3024_15A0909,160941,Mk10,17:45:55 29-Sep-2016,Argos,3,52.7524,173.8958,214,367,124,75,,,,,,
PV2016_3024_15A0909,160941,Mk10,02:30:03 30-Sep-2016,Argos,B,52.7775,173.9353,5248,82161,335,75,,,,,,
PV2016_3024_15A0909,160941,Mk10,04:56:10 30-Sep-2016,Argos,B,52.7943,173.9402,5833,18142,1875,79,,,,,,
PV2016_3024_15A0909,160941,Mk10,05:17:24 30-Sep-2016,Argos,3,52.7520,173.9141,155,651,37,75,,,,,,
PV2016_3024_15A0909,160941,Mk10,06:39:18 30-Sep-2016,Argos,B,52.7610,173.9173,1181,2084,668,84,,,,,,
PV2016_3024_15A0909,160941,Mk10,06:51:26 30-Sep-2016,Argos,3,52.7520,173.9137,151,418,54,107,,,,,,
PV2016_3024_15A0909,160941,Mk10,09:15:53 30-Sep-2016,Argos,B,52.7508,173.8944,1356,15031,122,100,,,,,,
PV2016_3024_15A0909,160941,Mk10,09:59:52 30-Sep-2016,Argos,B,52.7536,173.8954,1628,5761,459,99,,,,,,
PV2016_3024_15A0909,160941,Mk10,02:23:28 01-Oct-2016,Argos,A,52.7506,173.9160,633,8221,48,76,,,,,,
PV2016_3024_15A0909,160941,Mk10,04:03:05 01-Oct-2016,Argos,A,52.7556,173.9075,420,844,208,157,,,,,,
PV2016_3024_15A0909,160941,Mk10,04:44:02 01-Oct-2016,Argos,A,52.7505,173.9154,269,1471,49,66,,,,,,
PV2016_3024_15A0909,160941,Mk10,04:53:08 01-Oct-2016,Argos,3,52.7506,173.9138,125,296,52,71,,,,,,
PV2016_3024_15A0909,160941,Mk10,04:53:08 01-Oct-2016,Argos,3,52.7506,173.9138,125,296,52,71,,,,,,
PV2016_3024_15A0909,160941,Mk10,06:25:39 01-Oct-2016,Argos,B,52.7512,173.9160,1308,2142,798,88,,,,,,
PV2016_3024_15A0909,160941,Mk10,08:00:21 01-Oct-2016,Argos,2,52.7575,173.9269,448,1848,108,88,,,,,,
PV2016_3024_15A0909,160941,Mk10,08:10:46 01-Oct-2016,Argos,B,52.7088,173.8956,1815,3328,990,92,,,,,,
PV2016_3024_15A0909,160941,Mk10,08:48:50 01-Oct-2016,Argos,0,52.7537,173.9099,3332,100184,110,83,,,,,,
PV2016_3024_15A0909,160941,Mk10,21:53:11 01-Oct-2016,Argos,2,52.7499,173.9106,334,888,125,87,,,,,,
PV2016_3024_15A0909,160941,Mk10,01:08:57 02-Oct-2016,Argos,B,52.7873,173.9238,9922,15193,6478,97,,,,,,
PV2016_3024_15A0909,160941,Mk10,02:07:02 02-Oct-2016,Argos,1,52.7522,173.9199,599,3469,103,77,,,,,,
PV2016_3024_15A0909,160941,Mk10,04:27:32 02-Oct-2016,Argos,2,52.7504,173.9171,381,831,174,55,,,,,,
PV2016_3024_15A0909,160941,Mk10,04:33:16 02-Oct-2016,Argos,2,52.7541,173.9076,479,878,261,112,,,,,,
PV2016_3024_15A0909,160941,Mk10,05:22:01 02-Oct-2016,Argos,B,52.7555,173.9107,4121,6777,2505,89,,,,,,
PV2016_3024_15A0909,160941,Mk10,06:02:46 02-Oct-2016,Argos,B,52.7553,173.9136,4764,7571,2998,82,,,,,,
PV2016_3024_15A0909,160941,Mk10,06:10:45 02-Oct-2016,Argos,2,52.7476,173.9043,315,988,100,81,,,,,,
PV2016_3024_15A0909,160941,Mk10,06:12:45 02-Oct-2016,Argos,B,52.7477,173.9045,539,970,299,87,,,,,,
PV2016_3024_15A0909,160941,Mk10,08:45:16 02-Oct-2016,Argos,B,52.7189,173.8626,1894,3705,967,103,,,,,,
PV2016_3024_15A0909,160941,Mk10,14:15:09 03-Oct-2016,Argos,B,52.7404,173.6773,2680,48033,149,26,,,,,,
PV2016_3024_15A0909,160941,Mk10,14:42:14 03-Oct-2016,Argos,B,52.7187,173.6677,1754,4360,705,35,,,,,,
PV2016_3024_15A0909,160941,Mk10,15:53:35 03-Oct-2016,Argos,B,52.7124,173.6625,1724,2749,1081,64,,,,,,
PV2016_3024_15A0909,160941,Mk10,16:21:16 03-Oct-2016,Argos,B,52.7173,173.6626,1618,3696,707,69,,,,,,
PV2016_3024_15A0909,160941,Mk10,19:36:28 03-Oct-2016,Argos,B,52.7151,173.6539,2427,4596,1281,80,,,,,,
PV2016_3024_15A0909,160941,Mk10,21:12:03 03-Oct-2016,Argos,B,52.7350,173.6648,2297,6498,812,90,,,,,,
PV2016_3024_15A0909,160941,Mk10,22:47:17 03-Oct-2016,Argos,B,52.7473,173.6806,2006,74127,54,106,,,,,,
PV2016_3024_15A0909,160941,Mk10,05:19:51 04-Oct-2016,Argos,B,52.7711,173.6947,2830,5613,1426,89,,,,,,
PV2016_3024_15A0909,160941,Mk10,22:25:57 04-Oct-2016,Argos,B,52.7915,173.9326,3414,26404,441,30,,,,,,
PV2016_3024_15A0909,160941,Mk10,01:31:27 05-Oct-2016,Argos,3,52.7460,173.9305,176,396,77,76,,,,,,
PV2016_3024_15A0909,160941,Mk10,04:02:55 05-Oct-2016,Argos,B,52.7561,173.9385,2364,49778,112,81,,,,,,
PV2016_3024_15A0909,160941,Mk10,04:54:32 05-Oct-2016,Argos,3,52.7501,173.9128,219,509,94,75,,,,,,
PV2016_3024_15A0909,160941,Mk10,04:58:19 05-Oct-2016,Argos,B,52.7489,173.9084,588,1044,330,85,,,,,,
PV2016_3024_15A0909,160941,Mk10,05:33:45 05-Oct-2016,Argos,2,52.7416,173.8952,380,805,179,19,,,,,,
PV2016_3024_15A0909,160941,Mk10,05:37:31 05-Oct-2016,Argos,3,52.7507,173.9072,250,1280,48,78,,,,,,
PV2016_3024_15A0909,160941,Mk10,06:42:56 05-Oct-2016,Argos,B,52.7508,173.9057,1512,2449,933,88,,,,,,
PV2016_3024_15A0909,160941,Mk10,08:17:28 05-Oct-2016,Argos,B,52.7524,173.9098,1221,23767,62,107,,,,,,
PV2016_3024_15A0909,160941,Mk10,08:53:53 05-Oct-2016,Argos,B,52.7512,173.9122,1164,3250,416,99,,,,,,
PV2016_3024_15A0909,160941,Mk10,15:31:10 05-Oct-2016,Argos,B,52.7453,173.9137,1981,77676,50,70,,,,,,
PV2016_3024_15A0909,160941,Mk10,16:53:12 05-Oct-2016,Argos,B,52.7057,173.8546,1369,21070,88,90,,,,,,
PV2016_3024_15A0909,160941,Mk10,16:59:23 05-Oct-2016,Argos,B,52.7053,173.8544,485,1244,188,102,,,,,,
PV2016_3024_15A0909,160941,Mk10,17:07:46 05-Oct-2016,Argos,B,52.7038,173.8496,1392,7677,252,90,,,,,,
PV2016_3024_15A0909,160941,Mk10,21:15:14 05-Oct-2016,Argos,B,52.6670,173.7802,2428,4694,1255,91,,,,,,
PV2016_3024_15A0909,160941,Mk10,22:11:22 05-Oct-2016,Argos,B,52.7010,173.8027,2067,56602,75,110,,,,,,
PV2016_3024_15A0909,160941,Mk10,01:27:18 06-Oct-2016,Argos,B,52.7040,173.7946,1863,92026,37,86,,,,,,
PV2016_3024_15A0909,160941,Mk10,02:48:57 06-Oct-2016,Argos,B,52.7105,173.7777,2049,7392,567,85,,,,,,
PV2016_3024_15A0909,160941,Mk10,06:21:09 06-Oct-2016,Argos,B,52.7202,173.7487,2736,5963,1255,85,,,,,,
PV2016_3024_15A0909,160941,Mk10,22:51:44 08-Oct-2016,Argos,B,52.7461,173.6735,5773,22600,1474,169,,,,,,
PV2016_3024_15A0909,160941,Mk10,02:26:36 09-Oct-2016,Argos,B,52.6776,173.6859,2694,140624,51,78,,,,,,
PV2016_3024_15A0909,160941,Mk10,04:08:23 09-Oct-2016,Argos,A,52.7418,173.8675,3891,45309,334,94,,,,,,
PV2016_3024_15A0909,160941,Mk10,04:52:25 09-Oct-2016,Argos,B,52.7659,173.8421,5795,23196,1447,91,,,,,,
PV2016_3024_15A0909,160941,Mk10,04:55:27 09-Oct-2016,Argos,B,52.7656,173.8515,3974,14708,1073,90,,,,,,
PV2016_3024_15A0909,160941,Mk10,06:34:34 09-Oct-2016,Argos,3,52.7505,173.9144,169,508,56,88,,,,,,
PV2016_3024_15A0909,160941,Mk10,06:38:44 09-Oct-2016,Argos,3,52.7503,173.9189,140,539,36,89,,,,,,
PV2016_3024_15A0909,160941,Mk10,06:49:09 09-Oct-2016,Argos,2,52.7523,173.9139,296,1191,73,96,,,,,,
PV2016_3024_15A0909,160941,Mk10,08:30:10 09-Oct-2016,Argos,2,52.7482,173.9063,275,1580,47,76,,,,,,
PV2016_3024_15A0909,160941,Mk10,08:30:55 09-Oct-2016,Argos,A,52.7496,173.9089,248,641,95,90,,,,,,
PV2016_3024_15A0909,160941,Mk10,09:34:44 09-Oct-2016,Argos,B,52.7513,173.9201,2007,3340,1206,89,,,,,,
PV2016_3024_15A0909,160941,Mk10,14:47:51 09-Oct-2016,Argos,B,52.6969,173.8468,1350,10638,171,53,,,,,,
PV2016_3024_15A0909,160941,Mk10,02:23:32 10-Oct-2016,Argos,B,52.6594,173.9153,3632,6832,1930,85,,,,,,
PV2016_3024_15A0909,160941,Mk10,02:48:17 10-Oct-2016,Argos,B,52.6666,173.8547,3868,8955,1671,80,,,,,,
PV2016_3024_15A0909,160941,Mk10,04:29:26 10-Oct-2016,Argos,A,52.7506,173.8875,1124,11471,110,89,,,,,,
PV2016_3024_15A0909,160941,Mk10,01:52:24 12-Oct-2016,Argos,1,52.7521,173.9177,516,1849,144,75,,,,,,
PV2016_3024_15A0909,160941,Mk10,05:55:21 12-Oct-2016,Argos,2,52.7507,173.9144,324,2002,52,86,,,,,,
PV2016_3024_15A0909,160941,Mk10,06:51:28 12-Oct-2016,Argos,2,52.7505,173.9154,316,2297,43,94,,,,,,
PV2016_3024_15A0909,160941,Mk10,06:56:01 12-Oct-2016,Argos,3,52.7515,173.9122,137,612,30,95,,,,,,
PV2016_3024_15A0909,160941,Mk10,09:10:36 12-Oct-2016,Argos,2,52.7527,173.9149,271,2146,34,84,,,,,,
PV2016_3024_15A0909,160941,Mk10,14:08:51 12-Oct-2016,Argos,2,52.7514,173.8935,350,399,305,72,,,,,,
PV2016_3024_15A0909,160941,Mk10,01:41:02 13-Oct-2016,Argos,1,52.7412,173.8730,712,2304,219,84,,,,,,
PV2016_3024_15A0909,160941,Mk10,04:48:37 13-Oct-2016,Argos,B,52.7592,173.8835,12226,20686,7225,91,,,,,,
PV2016_3024_15A0909,160941,Mk10,05:50:02 13-Oct-2016,Argos,B,52.7483,173.8926,7752,289181,207,76,,,,,,
PV2016_3024_15A0909,160941,Mk10,06:24:55 13-Oct-2016,Argos,B,52.7483,173.8976,982,13590,71,67,,,,,,
PV2016_3024_15A0909,160941,Mk10,06:31:45 13-Oct-2016,Argos,B,52.7579,173.8891,11296,24901,5124,78,,,,,,
PV2016_3024_15A0909,160941,Mk10,08:03:52 13-Oct-2016,Argos,B,52.7479,173.9007,955,5137,177,11,,,,,,
PV2016_3024_15A0909,160941,Mk10,09:43:13 13-Oct-2016,Argos,B,52.7511,173.9074,971,32639,28,89,,,,,,
PV2016_3024_15A0909,160941,Mk10,09:29:50 14-Oct-2016,Argos,A,52.7484,173.9009,547,9962,30,70,,,,,,
PV2016_3024_15A0909,160941,Mk10,15:30:44 14-Oct-2016,Argos,3,52.7508,173.9145,130,445,38,90,,,,,,
PV2016_3024_15A0909,160941,Mk10,17:15:23 14-Oct-2016,Argos,B,52.7512,173.9197,1264,2668,598,88,,,,,,
PV2016_3024_15A0909,160941,Mk10,18:19:05 14-Oct-2016,Argos,B,52.7510,173.9200,1516,3484,659,95,,,,,,
PV2016_3024_15A0909,160941,Mk10,19:36:26 14-Oct-2016,Argos,B,52.7505,173.9179,1473,58357,37,101,,,,,,
PV2016_3024_15A0909,160941,Mk10,19:54:38 14-Oct-2016,Argos,A,52.7505,173.9153,165,285,95,74,,,,,,
PV2016_3024_15A0909,160941,Mk10,01:22:05 15-Oct-2016,Argos,B,52.7356,173.9025,1383,14087,135,46,,,,,,
PV2016_3024_15A0909,160941,Mk10,04:03:07 15-Oct-2016,Argos,A,52.7510,173.8904,515,2313,114,45,,,,,,
PV2016_3024_15A0909,160941,Mk10,05:22:18 15-Oct-2016,Argos,2,52.7493,173.8957,274,1251,59,81,,,,,,
PV2016_3024_15A0909,160941,Mk10,05:23:04 15-Oct-2016,Argos,A,52.7489,173.8966,322,771,134,81,,,,,,
PV2016_3024_15A0909,160941,Mk10,05:44:34 15-Oct-2016,Argos,1,52.7567,173.9395,1445,23051,90,82,,,,,,
PV2016_3024_15A0909,160941,Mk10,06:58:47 15-Oct-2016,Argos,A,52.7478,173.9578,2998,43664,205,93,,,,,,
PV2016_3024_15A0909,160941,Mk10,08:13:13 15-Oct-2016,Argos,B,52.7527,173.9451,3538,8268,1513,87,,,,,,
PV2016_3024_15A0909,160941,Mk10,08:41:24 15-Oct-2016,Argos,B,52.7526,173.9427,2659,7468,946,86,,,,,,
PV2016_3024_15A0909,160941,Mk10,09:08:14 15-Oct-2016,Argos,A,52.7454,173.8933,1384,33493,57,81,,,,,,
PV2016_3024_15A0909,160941,Mk10,09:49:33 15-Oct-2016,Argos,B,52.7453,173.8854,2034,5405,765,81,,,,,,
PV2016_3024_15A0909,160941,Mk10,18:41:03 17-Oct-2016,Argos,B,52.7041,173.8402,5188,103591,259,173,,,,,,
PV2016_3024_15A0909,160941,Mk10,18:58:54 17-Oct-2016,Argos,A,52.7332,173.8659,288,989,83,122,,,,,,
PV2016_3024_15A0909,160941,Mk10,19:03:09 17-Oct-2016,Argos,B,52.7422,173.8560,519,4938,54,109,,,,,,
PV2016_3024_15A0909,160941,Mk10,21:14:59 17-Oct-2016,Argos,3,52.7509,173.9170,151,281,81,98,,,,,,
PV2016_3024_15A0909,160941,Mk10,21:58:01 17-Oct-2016,Argos,B,52.7514,173.9183,896,1450,554,91,,,,,,
PV2016_3024_15A0909,160941,Mk10,22:12:38 17-Oct-2016,Argos,A,52.7508,173.9078,183,1273,26,97,,,,,,
PV2016_3024_15A0909,160941,Mk10,22:18:34 17-Oct-2016,Argos,B,52.7509,173.9073,381,719,201,92,,,,,,
PV2016_3024_15A0909,160941,Mk10,22:57:45 17-Oct-2016,Argos,B,52.7539,173.9088,1581,44213,56,111,,,,,,
PV2016_3024_15A0909,160941,Mk10,02:25:01 18-Oct-2016,Argos,A,52.7636,173.9747,1566,61489,39,78,,,,,,
PV2016_3024_15A0909,160941,Mk10,04:28:09 18-Oct-2016,Argos,A,52.7482,173.9108,249,517,120,33,,,,,,
PV2016_3024_15A0909,160941,Mk10,04:52:25 18-Oct-2016,Argos,B,52.7492,173.9129,524,1300,211,9,,,,,,
PV2016_3024_15A0909,160941,Mk10,06:03:59 18-Oct-2016,Argos,1,52.7563,173.9375,1070,15908,72,74,,,,,,
PV2016_3024_15A0909,160941,Mk10,06:34:22 18-Oct-2016,Argos,B,52.7386,173.9314,1556,3552,681,84,,,,,,
PV2016_3024_15A0909,160941,Mk10,08:05:31 18-Oct-2016,Argos,B,52.7249,173.9261,2347,3802,1449,86,,,,,,
PV2016_3024_15A0909,160941,Mk10,08:45:59 18-Oct-2016,Argos,2,52.7488,173.9128,442,1748,111,67,,,,,,
PV2016_3024_15A0909,160941,Mk10,08:50:24 18-Oct-2016,Argos,3,52.7476,173.9171,181,272,120,95,,,,,,
PV2016_3024_15A0909,160941,Mk10,14:41:08 18-Oct-2016,Argos,2,52.7482,173.9092,264,426,164,133,,,,,,
PV2016_3024_15A0909,160941,Mk10,02:13:14 19-Oct-2016,Argos,1,52.7482,173.8937,1122,15762,79,78,,,,,,
PV2016_3024_15A0909,160941,Mk10,02:26:14 19-Oct-2016,Argos,B,52.7481,173.8933,1980,3891,1007,84,,,,,,
PV2016_3024_15A0909,160941,Mk10,06:47:22 19-Oct-2016,Argos,B,52.7767,173.8750,6520,12525,3393,84,,,,,,
PV2016_3024_15A0909,160941,Mk10,02:02:09 20-Oct-2016,Argos,B,52.8465,173.7799,13912,23309,8303,91,,,,,,Lat > 4 deviations from mean
PV2016_3024_15A0909,160941,Mk10,08:05:44 20-Oct-2016,Argos,B,52.7193,173.8725,4789,16523,1388,90,,,,,,
PV2016_3024_15A0909,160941,Mk10,04:12:55 21-Oct-2016,Argos,2,52.7564,173.9022,300,414,217,96,,,,,,
PV2016_3024_15A0909,160941,Mk10,04:52:07 21-Oct-2016,Argos,B,52.7507,173.9037,1552,15487,155,74,,,,,,
PV2016_3024_15A0909,160941,Mk10,05:58:51 21-Oct-2016,Argos,1,52.7502,173.8966,814,35079,18,80,,,,,,
PV2016_3024_15A0909,160941,Mk10,06:30:42 21-Oct-2016,Argos,B,52.7607,173.8696,3347,6292,1780,79,,,,,,
PV2016_3024_15A0909,160941,Mk10,08:42:44 21-Oct-2016,Argos,0,52.8249,174.0370,10162,35205,2933,71,,,,,,Lat > 4 deviations from mean
PV2016_3024_15A0909,160941,Mk10,08:51:39 21-Oct-2016,Argos,1,52.7428,173.9299,1306,3559,479,83,,,,,,
PV2016_3024_15A0909,160941,Mk10,09:30:51 21-Oct-2016,Argos,3,52.7484,173.8950,138,606,31,79,,,,,,
PV2016_3024_15A0909,160941,Mk10,15:18:55 21-Oct-2016,Argos,B,52.7844,173.8683,2289,4492,1166,81,,,,,,
PV2016_3024_15A0909,160941,Mk10,16:57:45 21-Oct-2016,Argos,2,52.7482,173.8976,334,773,144,57,,,,,,
PV2016_3024_15A0909,160941,Mk10,08:42:28 23-Oct-2016,Argos,B,52.7135,173.9732,8256,838482,81,84,,,,,,
PV2016_3024_15A0909,160941,Mk10,17:41:20 23-Oct-2016,Argos,B,52.7029,173.9551,8543,30759,2372,85,,,,,,
PV2016_3024_15A0909,160941,Mk10,17:48:00 23-Oct-2016,Argos,B,52.7166,173.8720,4396,14916,1295,76,,,,,,
PV2016_3024_15A0909,160941,Mk10,17:48:00 23-Oct-2016,Argos,B,52.7128,173.8647,4237,14250,1259,77,,,,,,
PV2016_3024_15A0909,160941,Mk10,21:07:37 23-Oct-2016,Argos,B,52.7018,173.7669,3270,5845,1829,62,,,,,,
PV2016_3024_15A0909,160941,Mk10,21:07:37 23-Oct-2016,Argos,B,52.7019,173.7424,2672,52063,137,35,,,,,,
PV2016_3024_15A0909,160941,Mk10,22:37:58 23-Oct-2016,Argos,A,52.7242,173.7687,551,10483,29,102,,,,,,
PV2016_3024_15A0909,160941,Mk10,01:21:20 24-Oct-2016,Argos,B,52.7284,173.7724,1573,3413,725,80,,,,,,
PV2016_3024_15A0909,160941,Mk10,02:57:07 24-Oct-2016,Argos,B,52.7119,173.8313,1595,15167,167,64,,,,,,
PV2016_3024_15A0909,160941,Mk10,05:17:35 24-Oct-2016,Argos,3,52.7503,173.9121,153,452,51,64,,,,,,
PV2016_3024_15A0909,160941,Mk10,05:19:19 24-Oct-2016,Argos,B,52.7509,173.9128,189,1069,33,87,,,,,,
PV2016_3024_15A0909,160941,Mk10,05:43:14 24-Oct-2016,Argos,B,52.7485,173.9131,953,12740,71,72,,,,,,
PV2016_3024_15A0909,160941,Mk10,06:45:18 24-Oct-2016,Argos,B,52.7497,173.9263,1407,3534,560,78,,,,,,
PV2016_3024_15A0909,160941,Mk10,06:55:55 24-Oct-2016,Argos,B,52.7598,173.9408,1304,2273,747,86,,,,,,
PV2016_3024_15A0909,160941,Mk10,08:18:54 24-Oct-2016,Argos,3,52.7547,173.9121,168,339,82,50,,,,,,
PV2016_3024_15A0909,160941,Mk10,09:13:18 24-Oct-2016,Argos,1,52.7553,173.9319,644,9160,45,82,,,,,,
PV2016_3024_15A0909,160941,Mk10,09:59:34 24-Oct-2016,Argos,B,52.7561,173.9402,2067,3599,1186,88,,,,,,
PV2016_3024_15A0909,160941,Mk10,15:12:49 24-Oct-2016,Argos,B,52.7586,174.0002,4689,7835,2806,85,,,,,,
PV2016_3024_15A0909,160941,Mk10,21:02:39 24-Oct-2016,Argos,B,52.7126,173.9915,5562,14930,2071,96,,,,,,
PV2016_3024_15A0909,160941,Mk10,22:12:47 24-Oct-2016,Argos,3,52.7515,173.9172,243,1146,51,92,,,,,,
PV2016_3024_15A0909,160941,Mk10,22:37:37 24-Oct-2016,Argos,B,52.7514,173.9167,1787,2938,1086,90,,,,,,
PV2016_3024_15A0909,160941,Mk10,01:08:03 25-Oct-2016,Argos,B,52.7646,173.9042,4027,8088,2004,89,,,,,,
PV2016_3024_15A0909,160941,Mk10,02:54:14 25-Oct-2016,Argos,B,52.7737,173.9000,5017,8762,2872,90,,,,,,
PV2016_3024_15A0909,160941,Mk10,04:34:02 25-Oct-2016,Argos,B,52.7743,173.8941,2548,4628,1402,97,,,,,,
PV2016_3024_15A0909,160941,Mk10,04:52:22 25-Oct-2016,Argos,2,52.7495,173.9119,270,870,84,88,,,,,,
PV2016_3024_15A0909,160941,Mk10,05:06:46 25-Oct-2016,Argos,B,52.7531,173.9119,1033,2108,506,91,,,,,,
PV2016_3024_15A0909,160941,Mk10,06:25:44 25-Oct-2016,Argos,B,52.7600,173.9083,2395,4030,1423,85,,,,,,
PV2016_3024_15A0909,160941,Mk10,06:32:10 25-Oct-2016,Argos,A,52.7495,173.8990,446,2804,70,99,,,,,,
PV2016_3024_15A0909,160941,Mk10,06:51:12 25-Oct-2016,Argos,A,52.7494,173.9157,158,558,44,105,,,,,,
PV2016_3024_15A0909,160941,Mk10,06:51:16 25-Oct-2016,Argos,B,52.7498,173.9142,145,440,47,96,,,,,,
PV2016_3024_15A0909,160941,Mk10,08:03:58 25-Oct-2016,Argos,B,52.7493,173.9077,1322,53311,32,85,,,,,,
PV2016_3024_15A0909,160941,Mk10,08:26:08 25-Oct-2016,Argos,B,52.7492,173.9096,1421,6778,297,85,,,,,,
PV2016_3024_15A0909,160941,Mk10,08:57:37 25-Oct-2016,Argos,B,52.7477,173.9174,1241,26204,58,75,,,,,,
PV2016_3024_15A0909,160941,Mk10,18:07:44 25-Oct-2016,Argos,B,52.7583,173.8921,3340,5740,1943,85,,,,,,
PV2016_3024_15A0909,160941,Mk10,02:35:17 26-Oct-2016,Argos,B,52.7688,173.8824,4435,7832,2511,85,,,,,,
PV2016_3024_15A0909,160941,Mk10,04:36:04 26-Oct-2016,Argos,B,52.8102,173.8329,3858,11016,1351,71,,,,,,
PV2016_3024_15A0909,160941,Mk10,05:00:59 26-Oct-2016,Argos,B,52.6387,173.3783,1841,25945,130,126,,,,,,
PV2016_3024_15A0909,160941,Mk10,06:03:18 26-Oct-2016,Argos,B,52.6481,173.3666,2588,5093,1314,113,,,,,,
PV2016_3024_15A0909,160941,Mk10,14:59:04 26-Oct-2016,Argos,B,52.6982,173.2613,5663,9772,3282,103,,,,,,
PV2016_3024_15A0909,160941,Mk10,14:39:36 27-Oct-2016,Argos,B,52.7517,173.2002,5962,11469,3099,67,,,,,,
PV2016_3024_15A0909,160941,Mk10,15:33:47 27-Oct-2016,Argos,B,52.6692,173.2706,4344,19012,992,60,,,,,,
PV2016_3024_15A0909,160941,Mk10,19:27:01 27-Oct-2016,Argos,B,52.5910,173.3160,4755,14020,1612,64,,,,,,
PV2016_3024_15A0909,160941,Mk10,09:34:26 28-Oct-2016,Argos,B,52.5382,173.3328,5195,25100,1075,72,,,,,,
PV2016_3024_15A0909,160941,Mk10,14:32:11 28-Oct-2016,Argos,B,52.5795,173.3799,4574,25137,832,82,,,,,,
PV2016_3024_15A0909,160941,Mk10,15:05:19 28-Oct-2016,Argos,B,52.5538,173.4535,4228,21197,843,79,,,,,,
PV2016_3024_15A0909,160941,Mk10,16:39:30 28-Oct-2016,Argos,B,52.5887,173.5496,3076,12360,765,91,,,,,,
PV2016_3024_15A0909,160941,Mk10,17:23:51 28-Oct-2016,Argos,B,52.5846,173.6115,2832,13609,589,83,,,,,,
PV2016_3024_15A0909,160941,Mk10,18:18:23 28-Oct-2016,Argos,B,52.5812,173.6639,2370,9639,582,74,,,,,,
PV2016_3024_15A0909,160941,Mk10,18:37:11 28-Oct-2016,Argos,B,52.5842,173.6960,2157,5115,909,84,,,,,,
PV2016_3024_15A0909,160941,Mk10,22:29:16 28-Oct-2016,Argos,B,52.6379,173.9839,1909,66515,54,108,,,,,,
PV2016_3024_15A0909,160941,Mk10,02:00:32 29-Oct-2016,Argos,2,52.7522,173.9340,341,1064,109,70,,,,,,
PV2016_3024_15A0909,160941,Mk10,02:48:39 29-Oct-2016,Argos,B,52.7605,173.9638,2155,3503,1325,87,,,,,,
PV2016_3024_15A0909,160941,Mk10,04:26:54 29-Oct-2016,Argos,B,52.7797,174.0193,3310,6654,1646,79,,,,,,
PV2016_3024_15A0909,160941,Mk10,04:53:34 29-Oct-2016,Argos,A,52.7485,173.9104,145,453,46,85,,,,,,
PV2016_3024_15A0909,160941,Mk10,05:59:36 29-Oct-2016,Argos,1,52.7429,173.8732,880,5962,129,77,,,,,,
PV2016_3024_15A0909,160941,Mk10,06:25:11 29-Oct-2016,Argos,3,52.7499,173.8979,224,391,128,65,,,,,,
PV2016_3024_15A0909,160941,Mk10,06:32:35 29-Oct-2016,Argos,3,52.7486,173.8990,127,291,55,101,,,,,,
PV2016_3024_15A0909,160941,Mk10,06:39:13 29-Oct-2016,Argos,2,52.7505,173.9007,419,704,248,5,,,,,,
PV2016_3024_15A0909,160941,Mk10,08:04:04 29-Oct-2016,Argos,2,52.7503,173.8943,450,1544,130,90,,,,,,
PV2016_3024_15A0909,160941,Mk10,08:16:59 29-Oct-2016,Argos,A,52.7483,173.8919,1065,12661,89,81,,,,,,
PV2016_3024_15A0909,160941,Mk10,09:17:14 29-Oct-2016,Argos,2,52.7509,173.9044,315,5271,18,80,,,,,,
PV2016_3024_15A0909,160941,Mk10,09:42:07 29-Oct-2016,Argos,B,52.7453,173.9066,589,2955,117,80,,,,,,
PV2016_3024_15A0909,160941,Mk10,09:58:56 29-Oct-2016,Argos,B,52.7525,173.9112,704,6503,76,80,,,,,,
PV2016_3024_15A0909,160941,Mk10,14:21:24 29-Oct-2016,Argos,B,52.7530,173.9059,1464,18166,117,58,,,,,,
PV2016_3024_15A0909,160941,Mk10,05:55:23 30-Oct-2016,Argos,B,52.7536,173.9186,235,1150,47,73,,,,,,
PV2016_3024_15A0909,160941,Mk10,05:55:23 30-Oct-2016,Argos,B,52.7766,174.0688,3263,240270,44,81,,,,,,
PV2016_3024_15A0909,160941,Mk10,06:09:48 30-Oct-2016,Argos,3,52.7513,173.9153,127,445,36,90,,,,,,
PV2016_3024_15A0909,160941,Mk10,08:03:02 30-Oct-2016,Argos,B,52.7570,173.9561,1002,24562,40,81,,,,,,
PV2016_3024_15A0909,160941,Mk10,08:55:25 30-Oct-2016,Argos,1,52.7519,173.9196,580,4495,74,76,,,,,,
PV2016_3024_15A0909,160941,Mk10,09:10:46 30-Oct-2016,Argos,A,52.7518,173.9185,990,5296,185,83,,,,,,
PV2016_3024_15A0909,160941,Mk10,09:37:30 30-Oct-2016,Argos,3,52.7542,173.9080,228,1004,51,73,,,,,,
PV2016_3024_15A0909,160941,Mk10,14:04:20 30-Oct-2016,Argos,B,52.7459,173.8953,1796,25331,127,111,,,,,,
PV2016_3024_15A0909,160941,Mk10,05:44:46 31-Oct-2016,Argos,B,52.7558,173.9025,312,1141,85,105,,,,,,
PV2016_3024_15A0909,160941,Mk10,05:44:46 31-Oct-2016,Argos,B,52.7721,173.7671,2039,59229,70,96,,,,,,
PV2016_3024_15A0909,160941,Mk10,08:30:14 31-Oct-2016,Argos,B,52.8086,173.8288,2061,3171,1339,107,,,,,,
PV2016_3024_15A0909,160941,Mk10,08:39:06 31-Oct-2016,Argos,B,52.8074,173.8321,1975,3459,1128,116,,,,,,
PV2016_3024_15A0909,160941,Mk10,09:17:02 31-Oct-2016,Argos,A,52.7558,173.9196,1491,33897,65,79,,,,,,
PV2016_3024_15A0909,160941,Mk10,14:00:31 31-Oct-2016,Argos,B,52.7479,174.0542,6927,26257,1827,83,,,,,,
PV2016_3024_15A0909,160941,Mk10,15:37:32 31-Oct-2016,Argos,A,52.7524,173.9142,344,917,129,107,,,,,,
PV2016_3024_15A0909,160941,Mk10,18:40:49 02-Nov-2016,Argos,B,52.6451,173.3748,8564,604583,121,115,,,,,,
PV2016_3024_15A0909,160941,Mk10,19:13:07 02-Nov-2016,Argos,A,52.7004,173.2403,2100,45977,95,95,,,,,,
PV2016_3024_15A0909,160941,Mk10,22:34:08 02-Nov-2016,Argos,B,52.8892,172.7556,6854,12134,3871,91,,,,,,
PV2016_3024_15A0909,160941,Mk10,06:03:57 03-Nov-2016,Argos,B,52.8714,172.7934,8390,14071,5002,88,,,,,,
PV2016_3024_15A0909,160941,Mk10,08:23:44 03-Nov-2016,Argos,B,52.8829,172.8002,9115,14550,5709,89,,,,,,
PV2016_3024_15A0909,160941,Mk10,08:50:44 03-Nov-2016,Argos,B,52.6353,173.2546,2541,93549,69,69,,,,,,
PV2016_3024_15A0909,160941,Mk10,09:17:50 03-Nov-2016,Argos,B,52.6063,173.1765,2091,11076,394,69,,,,,,
PV2016_3024_15A0909,160941,Mk10,19:55:22 03-Nov-2016,Argos,B,52.5402,173.0064,9752,18794,5060,115,,,,,,
PV2016_3024_15A0909,160941,Mk10,22:05:20 03-Nov-2016,Argos,B,52.5481,172.9087,23017,61902,8557,131,,,,,,
PV2016_3024_15A0909,160941,Mk10,16:56:53 06-Nov-2016,Argos,B,52.5928,173.0328,64256,,,,,,,,,
PV2016_3024_15A0909,160941,Mk10,17:01:30 06-Nov-2016,Argos,B,52.6997,173.6551,2614,3209,2129,137,,,,,,
PV2016_3024_15A0909,160941,Mk10,17:50:06 06-Nov-2016,Argos,B,52.7012,173.6556,7129,11450,4438,95,,,,,,
PV2016_3024_15A0909,160941,Mk10,18:27:04 06-Nov-2016,Argos,B,52.6996,173.7007,2449,17115,350,2,,,,,,
PV2016_3024_15A0909,160941,Mk10,18:37:25 06-Nov-2016,Argos,A,52.7220,173.7093,385,3355,44,100,,,,,,
PV2016_3024_15A0909,160941,Mk10,18:37:25 06-Nov-2016,Argos,B,52.7324,173.7067,5168,6817,3917,48,,,,,,
PV2016_3024_15A0909,160941,Mk10,21:05:19 06-Nov-2016,Argos,B,52.7642,173.8237,1166,14741,92,130,,,,,,
PV2016_3024_15A0909,160941,Mk10,21:48:02 06-Nov-2016,Argos,B,52.7655,173.8975,873,4758,160,48,,,,,,
PV2016_3024_15A0909,160941,Mk10,21:59:29 06-Nov-2016,Argos,A,52.7520,173.8991,333,2560,43,65,,,,,,
PV2016_3024_15A0909,160941,Mk10,22:43:29 06-Nov-2016,Argos,1,52.7500,173.9180,709,10078,49,101,,,,,,
PV2016_3024_15A0909,160941,Mk10,02:02:19 07-Nov-2016,Argos,A,52.7524,173.9155,339,710,162,71,,,,,,
PV2016_3024_15A0909,160941,Mk10,04:27:26 07-Nov-2016,Argos,B,52.7721,174.0495,1520,3035,761,88,,,,,,
PV2016_3024_15A0909,160941,Mk10,05:59:57 07-Nov-2016,Argos,B,52.7991,174.1327,1510,17099,133,77,,,,,,
PV2016_3024_15A0909,160941,Mk10,06:06:01 07-Nov-2016,Argos,B,52.7625,173.9717,4909,117565,205,77,,,,,,
PV2016_3024_15A0909,160941,Mk10,08:24:24 07-Nov-2016,Argos,B,52.7528,173.9370,2661,11112,637,87,,,,,,
PV2016_3024_15A0909,160941,Mk10,08:33:30 07-Nov-2016,Argos,A,52.7502,173.9099,344,3625,32,71,,,,,,
PV2016_3024_15A0909,160941,Mk10,14:15:43 07-Nov-2016,Argos,B,52.7908,173.8844,1435,10888,189,1,,,,,,
PV2016_3024_15A0909,160941,Mk10,01:46:11 08-Nov-2016,Argos,A,52.7402,173.8702,643,14285,28,73,,,,,,
PV2016_3024_15A0909,160941,Mk10,05:38:01 08-Nov-2016,Argos,B,52.7559,173.9333,1614,127720,20,79,,,,,,
PV2016_3024_15A0909,160941,Mk10,05:52:02 08-Nov-2016,Argos,B,52.7489,173.8965,1555,47716,50,86,,,,,,
PV2016_3024_15A0909,160941,Mk10,06:37:48 08-Nov-2016,Argos,B,52.7499,173.8622,2156,11063,420,85,,,,,,
PV2016_3024_15A0909,160941,Mk10,08:11:16 08-Nov-2016,Argos,B,52.7518,173.8408,2040,5211,798,90,,,,,,
PV2016_3024_15A0909,160941,Mk10,17:35:39 08-Nov-2016,Argos,B,52.7756,173.7691,3281,8927,1205,82,,,,,,
PV2016_3024_15A0909,160941,Mk10,17:57:36 08-Nov-2016,Argos,B,52.7408,173.7553,3374,14249,798,90,,,,,,
PV2016_3024_15A0909,160941,Mk10,18:03:47 08-Nov-2016,Argos,B,52.7476,173.5116,1104,9461,128,24,,,,,,
PV2016_3024_15A0909,160941,Mk10,19:18:48 08-Nov-2016,Argos,B,52.7380,173.4961,1276,1888,862,86,,,,,,
PV2016_3024_15A0909,160941,Mk10,19:42:12 08-Nov-2016,Argos,B,52.7312,173.4946,1390,2406,802,93,,,,,,
PV2016_3024_15A0909,160941,Mk10,17:04:39 10-Nov-2016,Argos,B,52.7085,173.7635,2479,31160,197,175,,,,,,
PV2016_3024_15A0909,160941,Mk10,17:10:07 10-Nov-2016,Argos,B,52.7057,173.7639,519,4514,59,132,,,,,,
PV2016_3024_15A0909,160941,Mk10,17:39:22 10-Nov-2016,Argos,B,52.7073,173.7800,714,3434,148,149,,,,,,
PV2016_3024_15A0909,160941,Mk10,18:15:41 10-Nov-2016,Argos,A,52.7327,173.8062,182,1193,27,92,,,,,,
PV2016_3024_15A0909,160941,Mk10,19:25:36 10-Nov-2016,Argos,0,52.7692,173.8463,2402,47510,121,103,,,,,,
PV2016_3024_15A0909,160941,Mk10,19:53:39 10-Nov-2016,Argos,B,52.7730,173.8562,987,2229,436,113,,,,,,
PV2016_3024_15A0909,160941,Mk10,21:04:42 10-Nov-2016,Argos,B,52.7762,173.8677,2055,4517,934,102,,,,,,
PV2016_3024_15A0909,160941,Mk10,21:23:39 10-Nov-2016,Argos,3,52.7606,173.8784,180,214,150,138,,,,,,
PV2016_3024_15A0909,160941,Mk10,22:13:48 10-Nov-2016,Argos,1,52.7585,173.8801,718,5088,101,97,,,,,,
PV2016_3024_15A0909,160941,Mk10,22:59:47 10-Nov-2016,Argos,B,52.7639,173.8866,3859,6462,2304,90,,,,,,
PV2016_3024_15A0909,160941,Mk10,01:18:16 11-Nov-2016,Argos,2,52.7526,173.9085,271,551,133,95,,,,,,
PV2016_3024_15A0909,160941,Mk10,02:53:55 11-Nov-2016,Argos,B,52.7537,173.9268,1250,21262,73,72,,,,,,
PV2016_3024_15A0909,160941,Mk10,05:19:41 11-Nov-2016,Argos,B,52.7586,173.9411,2179,4387,1082,78,,,,,,
PV2016_3024_15A0909,160941,Mk10,06:06:50 11-Nov-2016,Argos,B,52.7549,173.9301,2209,4964,982,78,,,,,,
PV2016_3024_15A0909,160941,Mk10,06:20:42 11-Nov-2016,Argos,B,52.7517,173.8974,1119,12430,100,33,,,,,,
PV2016_3024_15A0909,160941,Mk10,06:59:04 11-Nov-2016,Argos,B,52.7433,173.8898,981,1429,673,77,,,,,,
PV2016_3024_15A0909,160941,Mk10,08:48:29 11-Nov-2016,Argos,B,52.7144,173.8503,1563,7611,320,112,,,,,,
PV2016_3024_15A0909,160941,Mk10,16:50:16 11-Nov-2016,Argos,A,52.7509,173.9151,496,6001,41,105,,,,,,
PV2016_3024_15A0909,160941,Mk10,17:44:06 11-Nov-2016,Argos,2,52.7537,173.9193,346,5031,23,79,,,,,,
PV2016_3024_15A0909,160941,Mk10,18:15:12 11-Nov-2016,Argos,B,52.7538,173.9202,828,1611,425,85,,,,,,
PV2016_3024_15A0909,160941,Mk10,01:06:13 12-Nov-2016,Argos,B,52.7449,173.9316,2368,5664,989,72,,,,,,
PV2016_3024_15A0909,160941,Mk10,02:40:37 12-Nov-2016,Argos,2,52.7584,173.9669,286,4258,19,83,,,,,,
PV2016_3024_15A0909,160941,Mk10,04:00:41 12-Nov-2016,Argos,B,52.7617,173.9759,1237,2194,697,89,,,,,,
PV2016_3024_15A0909,160941,Mk10,05:00:35 12-Nov-2016,Argos,2,52.7455,173.9058,481,1429,161,72,,,,,,
PV2016_3024_15A0909,160941,Mk10,05:45:31 12-Nov-2016,Argos,2,52.7501,173.9137,480,5874,39,79,,,,,,
PV2016_3024_15A0909,160941,Mk10,05:52:25 12-Nov-2016,Argos,3,52.7464,173.9126,195,297,127,97,,,,,,
PV2016_3024_15A0909,160941,Mk10,06:48:00 12-Nov-2016,Argos,3,52.7509,173.9155,144,309,66,82,,,,,,
PV2016_3024_15A0909,160941,Mk10,08:27:34 12-Nov-2016,Argos,2,52.7475,173.8985,350,998,122,61,,,,,,
PV2016_3024_15A0909,160941,Mk10,08:28:18 12-Nov-2016,Argos,B,52.7490,173.9013,1331,2334,758,92,,,,,,
PV2016_3024_15A0909,160941,Mk10,09:07:16 12-Nov-2016,Argos,2,52.7545,173.9050,441,2408,80,63,,,,,,
PV2016_3024_15A0909,160941,Mk10,09:29:11 12-Nov-2016,Argos,2,52.7514,173.8983,316,1004,99,93,,,,,,
PV2016_3024_15A0909,160941,Mk10,15:35:10 12-Nov-2016,Argos,2,52.7521,173.9087,262,658,103,102,,,,,,
PV2016_3024_15A0909,160941,Mk10,17:49:21 12-Nov-2016,Argos,B,52.7423,173.7891,1323,11304,154,164,,,,,,Lon > 4 deviations from mean
PV2016_3024_15A0909,160941,Mk10,04:48:02 13-Nov-2016,Argos,2,52.7523,173.9038,298,580,153,62,,,,,,
PV2016_3024_15A0909,160941,Mk10,05:19:02 13-Nov-2016,Argos,B,52.7430,173.9085,3262,14812,718,35,,,,,,
PV2016_3024_15A0909,160941,Mk10,05:20:31 13-Nov-2016,Argos,A,52.7501,173.9065,304,1829,50,81,,,,,,
PV2016_3024_15A0909,160941,Mk10,17:22:30 13-Nov-2016,Argos,2,52.7562,173.9213,488,879,270,126,,,,,,
PV2016_3024_15A0909,160941,Mk10,18:19:36 13-Nov-2016,Argos,B,52.7458,173.9242,1107,23007,53,113,,,,,,
PV2016_3024_15A0909,160941,Mk10,18:44:42 13-Nov-2016,Argos,3,52.7496,173.9156,191,493,74,96,,,,,,
PV2016_3024_15A0909,160941,Mk10,19:04:15 13-Nov-2016,Argos,1,52.7534,173.9162,735,6563,82,98,,,,,,
PV2016_3024_15A0909,160941,Mk10,19:59:52 13-Nov-2016,Argos,B,52.7514,173.9125,1456,2867,739,92,,,,,,
PV2016_3024_15A0909,160941,Mk10,21:12:08 13-Nov-2016,Argos,B,52.7523,173.9150,1012,7463,137,14,,,,,,
PV2016_3024_15A0909,160941,Mk10,21:57:29 13-Nov-2016,Argos,A,52.7477,173.9251,186,1085,31,100,,,,,,
PV2016_3024_15A0909,160941,Mk10,02:24:22 14-Nov-2016,Argos,B,52.7455,173.9185,1814,5047,651,79,,,,,,
PV2016_3024_15A0909,160941,Mk10,04:07:27 14-Nov-2016,Argos,B,52.7445,173.9206,2110,4018,1107,79,,,,,,
PV2016_3024_15A0909,160941,Mk10,04:42:27 14-Nov-2016,Argos,A,52.7495,173.9169,160,310,82,94,,,,,,
PV2016_3024_15A0909,160941,Mk10,04:48:48 14-Nov-2016,Argos,B,52.7498,173.9170,386,652,228,90,,,,,,
PV2016_3024_15A0909,160941,Mk10,04:54:14 14-Nov-2016,Argos,2,52.7508,173.9265,259,722,92,79,,,,,,
PV2016_3024_15A0909,160941,Mk10,06:11:43 14-Nov-2016,Argos,B,52.7453,173.9055,3439,12089,978,125,,,,,,
PV2016_3024_15A0909,160941,Mk10,08:04:07 14-Nov-2016,Argos,B,52.7430,173.8958,5903,10551,3302,103,,,,,,
PV2016_3024_15A0909,160941,Mk10,08:06:24 14-Nov-2016,Argos,3,52.7466,173.8940,172,256,115,89,,,,,,
PV2016_3024_15A0909,160941,Mk10,21:38:35 14-Nov-2016,Argos,B,52.7320,173.8180,5362,12423,2314,76,,,,,,
PV2016_3024_15A0909,160941,Mk10,14:13:04 16-Nov-2016,Argos,B,52.6380,173.5574,4963,226188,108,105,,,,,,
PV2016_3024_15A0909,160941,Mk10,15:51:13 16-Nov-2016,Argos,A,52.6534,173.5790,381,6450,22,95,,,,,,
PV2016_3024_15A0909,160941,Mk10,16:47:48 16-Nov-2016,Argos,A,52.6657,173.6215,269,1274,56,84,,,,,,
PV2016_3024_15A0909,160941,Mk10,17:38:48 16-Nov-2016,Argos,B,52.6697,173.6451,2291,4086,1283,91,,,,,,
PV2016_3024_15A0909,160941,Mk10,17:47:22 16-Nov-2016,Argos,A,52.6746,173.6560,156,390,62,85,,,,,,
PV2016_3024_15A0909,160941,Mk10,18:13:25 16-Nov-2016,Argos,B,52.6770,173.6608,1022,3091,338,95,,,,,,
PV2016_3024_15A0909,160941,Mk10,18:24:05 16-Nov-2016,Argos,B,52.6767,173.6601,1105,3068,398,90,,,,,,
PV2016_3024_15A0909,160941,Mk10,19:28:20 16-Nov-2016,Argos,B,52.7087,173.6649,1207,23714,61,80,,,,,,
PV2016_3024_15A0909,160941,Mk10,19:58:19 16-Nov-2016,Argos,B,52.7074,173.6569,1628,7381,359,81,,,,,,
PV2016_3024_15A0909,160941,Mk10,21:32:13 16-Nov-2016,Argos,B,52.7174,173.8003,1479,24637,88,62,,,,,,
PV2016_3024_15A0909,160941,Mk10,22:38:37 16-Nov-2016,Argos,0,52.7527,173.9009,3598,138421,93,100,,,,,,
PV2016_3024_15A0909,160941,Mk10,01:51:56 17-Nov-2016,Argos,B,52.8161,174.0515,5637,49420,643,65,,,,,,
PV2016_3024_15A0909,160941,Mk10,04:11:54 17-Nov-2016,Argos,B,52.8157,174.0464,7945,16492,3827,72,,,,,,
PV2016_3024_15A0909,160941,Mk10,05:18:37 17-Nov-2016,Argos,B,52.7489,173.9507,2152,145160,31,90,,,,,,
PV2016_3024_15A0909,160941,Mk10,05:42:46 17-Nov-2016,Argos,B,52.7448,173.9077,647,730,573,98,,,,,,
PV2016_3024_15A0909,160941,Mk10,06:33:12 17-Nov-2016,Argos,B,52.7711,173.9153,1513,17326,132,176,,,,,,
PV2016_3024_15A0909,160941,Mk10,06:51:05 17-Nov-2016,Argos,1,52.7499,173.9243,1053,3596,308,96,,,,,,
PV2016_3024_15A0909,160941,Mk10,06:58:11 17-Nov-2016,Argos,B,52.7326,173.9433,1514,28765,79,114,,,,,,
PV2016_3024_15A0909,160941,Mk10,08:15:33 17-Nov-2016,Argos,B,52.7456,173.9201,2239,51139,98,111,,,,,,
PV2016_3024_15A0909,160941,Mk10,08:24:26 17-Nov-2016,Argos,1,52.7581,173.9111,742,1177,467,146,,,,,,
PV2016_3024_15A0909,160941,Mk10,09:24:49 17-Nov-2016,Argos,1,52.7520,173.9068,571,8462,38,82,,,,,,
PV2016_3024_15A0909,160941,Mk10,14:07:16 17-Nov-2016,Argos,B,52.7384,173.8965,3517,6505,1900,94,,,,,,
PV2016_3024_15A0909,160941,Mk10,14:41:18 17-Nov-2016,Argos,B,52.7418,173.8997,2806,5765,1366,83,,,,,,
PV2016_3024_15A0909,160941,Mk10,15:44:21 17-Nov-2016,Argos,A,52.7501,173.9164,193,1394,26,102,,,,,,
PV2016_3024_15A0909,160941,Mk10,17:24:45 17-Nov-2016,Argos,A,52.7490,173.9039,234,433,126,165,,,,,,
PV2016_3024_15A0909,160941,Mk10,17:27:23 17-Nov-2016,Argos,2,52.7526,173.9110,413,584,291,59,,,,,,
PV2016_3024_15A0909,160941,Mk10,17:55:23 17-Nov-2016,Argos,A,52.7475,173.9033,248,1706,36,86,,,,,,
PV2016_3024_15A0909,160941,Mk10,18:00:27 17-Nov-2016,Argos,B,52.7477,173.9031,356,694,182,88,,,,,,
PV2016_3024_15A0909,160941,Mk10,01:33:32 18-Nov-2016,Argos,B,52.7628,173.9490,1979,80737,48,75,,,,,,
PV2016_3024_15A0909,160941,Mk10,04:53:39 18-Nov-2016,Argos,3,52.7509,173.8995,177,503,62,71,,,,,,
PV2016_3024_15A0909,160941,Mk10,05:36:19 18-Nov-2016,Argos,B,52.7399,173.8896,907,9031,91,105,,,,,,
PV2016_3024_15A0909,160941,Mk10,06:01:24 18-Nov-2016,Argos,B,52.7363,173.8776,599,3727,96,145,,,,,,
PV2016_3024_15A0909,160941,Mk10,08:06:41 18-Nov-2016,Argos,B,52.7073,173.8747,1406,2863,690,87,,,,,,
PV2016_3024_15A0909,160941,Mk10,15:29:03 18-Nov-2016,Argos,3,52.7526,173.9058,161,465,55,91,,,,,,
PV2016_3024_15A0909,160941,Mk10,15:47:19 18-Nov-2016,Argos,B,52.7550,173.9105,1066,4311,263,123,,,,,,
PV2016_3024_15A0909,160941,Mk10,17:02:18 18-Nov-2016,Argos,B,52.7493,173.9122,834,4266,163,52,,,,,,
PV2016_3024_15A0909,160941,Mk10,17:13:27 18-Nov-2016,Argos,B,52.7512,173.9138,930,2240,385,56,,,,,,
PV2016_3024_15A0909,160941,Mk10,17:27:17 18-Nov-2016,Argos,B,52.7512,173.9140,899,1825,443,71,,,,,,
PV2016_3024_15A0909,160941,Mk10,17:48:01 18-Nov-2016,Argos,B,52.7519,173.9172,640,2319,176,166,,,,,,
PV2016_3024_15A0909,160941,Mk10,18:41:06 18-Nov-2016,Argos,3,52.7518,173.9003,163,617,43,95,,,,,,
PV2016_3024_15A0909,160941,Mk10,18:51:15 18-Nov-2016,Argos,A,52.7540,173.9067,593,1572,223,69,,,,,,
PV2016_3024_15A0909,160941,Mk10,19:03:22 18-Nov-2016,Argos,A,52.7428,173.8965,536,3121,92,96,,,,,,
PV2016_3024_15A0909,160941,Mk10,19:27:48 18-Nov-2016,Argos,2,52.7517,173.9019,347,1332,90,99,,,,,,
PV2016_3024_15A0909,160941,Mk10,01:24:26 19-Nov-2016,Argos,B,52.7797,173.8551,2432,5697,1037,88,,,,,,
PV2016_3024_15A0909,160941,Mk10,06:06:48 19-Nov-2016,Argos,A,52.7522,173.9080,335,4099,27,87,,,,,,
PV2016_3024_15A0909,160941,Mk10,08:38:09 19-Nov-2016,Argos,B,52.7065,173.7854,2483,7617,809,82,,,,,,Lon > 4 deviations from mean
PV2016_3024_15A0909,160941,Mk10,09:24:41 19-Nov-2016,Argos,2,52.7506,173.9234,371,2458,56,85,,,,,,
PV2016_3024_15A0909,160941,Mk10,22:34:12 19-Nov-2016,Argos,B,52.7209,173.8930,12083,30448,4795,102,,,,,,
PV2016_3024_15A0909,160941,Mk10,01:13:03 20-Nov-2016,Argos,B,52.7769,173.9643,5133,61346,429,62,,,,,,
PV2016_3024_15A0909,160941,Mk10,02:55:26 20-Nov-2016,Argos,A,52.7462,173.9063,178,411,77,89,,,,,,
PV2016_3024_15A0909,160941,Mk10,05:09:56 20-Nov-2016,Argos,B,52.7523,173.9171,1510,2805,812,90,,,,,,
PV2016_3024_15A0909,160941,Mk10,05:44:49 20-Nov-2016,Argos,A,52.7531,173.9072,352,6192,20,81,,,,,,
PV2016_3024_15A0909,160941,Mk10,06:38:25 20-Nov-2016,Argos,B,52.7569,173.8630,1063,29408,38,99,,,,,,
PV2016_3024_15A0909,160941,Mk10,06:55:30 20-Nov-2016,Argos,B,52.7576,173.8619,1187,5308,265,98,,,,,,
PV2016_3024_15A0909,160941,Mk10,08:19:52 20-Nov-2016,Argos,B,52.7597,173.8471,1451,3981,528,85,,,,,,
PV2016_3024_15A0909,160941,Mk10,08:19:52 20-Nov-2016,Argos,B,52.7536,173.8482,1375,6047,312,88,,,,,,
PV2016_3024_15A0909,160941,Mk10,19:07:32 20-Nov-2016,Argos,3,52.7519,173.9105,140,272,72,93,,,,,,
PV2016_3024_15A0909,160941,Mk10,19:33:50 20-Nov-2016,Argos,A,52.7513,173.8966,159,315,79,93,,,,,,
PV2016_3024_15A0909,160941,Mk10,02:39:14 21-Nov-2016,Argos,B,52.7482,173.9040,2808,4617,1707,89,,,,,,
PV2016_3024_15A0909,160941,Mk10,04:57:22 21-Nov-2016,Argos,B,52.7690,173.8704,3377,7612,1498,100,,,,,,
PV2016_3024_15A0909,160941,Mk10,05:24:23 21-Nov-2016,Argos,B,52.7617,173.8732,2893,72093,116,107,,,,,,
PV2016_3024_15A0909,160941,Mk10,06:42:59 21-Nov-2016,Argos,A,52.7189,173.8858,275,1493,50,115,,,,,,
PV2016_3024_15A0909,160941,Mk10,06:55:11 21-Nov-2016,Argos,B,52.7638,173.8728,2776,11231,686,105,,,,,,
PV2016_3024_15A0909,160941,Mk10,08:39:06 21-Nov-2016,Argos,B,52.7152,173.8562,1061,6132,183,40,,,,,,
PV2016_3024_15A0909,160941,Mk10,15:50:51 21-Nov-2016,Argos,B,52.6819,173.8087,2662,5555,1275,84,,,,,,
PV2016_3024_15A0909,160941,Mk10,16:36:49 21-Nov-2016,Argos,A,52.6749,173.8515,201,910,44,88,,,,,,
PV2016_3024_15A0909,160941,Mk10,18:56:31 21-Nov-2016,Argos,2,52.7520,173.9032,267,725,98,87,,,,,,
PV2016_3024_15A0909,160941,Mk10,19:04:18 21-Nov-2016,Argos,A,52.7536,173.9082,573,2133,153,103,,,,,,
PV2016_3024_15A0909,160941,Mk10,19:11:14 21-Nov-2016,Argos,B,52.7557,173.8989,436,1239,153,122,,,,,,
PV2016_3024_15A0909,160941,Mk10,22:36:00 21-Nov-2016,Argos,B,52.7473,173.9119,1416,60398,33,102,,,,,,
PV2016_3024_15A0909,160941,Mk10,02:32:57 22-Nov-2016,Argos,B,52.7595,173.9312,1630,9799,271,66,,,,,,
PV2016_3024_15A0909,160941,Mk10,04:13:24 22-Nov-2016,Argos,B,52.7562,173.9306,2115,6060,737,73,,,,,,
PV2016_3024_15A0909,160941,Mk10,04:47:30 22-Nov-2016,Argos,B,52.7554,173.9293,2277,6043,857,74,,,,,,
PV2016_3024_15A0909,160941,Mk10,04:58:49 22-Nov-2016,Argos,B,52.7516,173.9222,1993,5058,785,81,,,,,,
PV2016_3024_15A0909,160941,Mk10,05:37:50 22-Nov-2016,Argos,B,52.7407,173.9290,2029,6115,673,82,,,,,,
PV2016_3024_15A0909,160941,Mk10,06:35:14 22-Nov-2016,Argos,B,52.7283,173.9208,2089,5738,760,87,,,,,,
PV2016_3024_15A0909,160941,Mk10,14:47:14 22-Nov-2016,Argos,B,52.7004,173.9396,3081,11047,859,86,,,,,,
PV2016_3024_15A0909,160941,Mk10,15:24:37 22-Nov-2016,Argos,B,52.6988,173.9181,1732,42212,71,93,,,,,,
PV2016_3024_15A0909,160941,Mk10,18:41:23 22-Nov-2016,Argos,B,52.6866,173.9159,2359,8940,622,96,,,,,,
PV2016_3024_15A0909,160941,Mk10,18:46:34 22-Nov-2016,Argos,B,52.6873,173.9154,2257,13906,366,97,,,,,,
PV2016_3024_15A0909,160941,Mk10,18:46:34 22-Nov-2016,Argos,B,52.6878,173.9150,2311,10737,497,97,,,,,,
PV2016_3024_15A0909,160941,Mk10,22:20:31 22-Nov-2016,Argos,B,52.6874,173.9154,3017,8309,1095,95,,,,,,
PV2016_3024_15A0909,160941,Mk10,02:25:28 23-Nov-2016,Argos,B,52.6754,173.9102,3830,7961,1842,93,,,,,,
PV2016_3024_15A0909,160941,Mk10,04:29:38 23-Nov-2016,Argos,B,52.6789,173.8848,2738,173503,43,65,,,,,,
PV2016_3024_15A0909,160941,Mk10,14:32:48 23-Nov-2016,Argos,B,52.6811,173.8321,4054,11273,1457,73,,,,,,
PV2016_3024_15A0909,160941,Mk10,14:50:49 23-Nov-2016,Argos,B,52.7046,173.8306,4196,19737,892,67,,,,,,
PV2016_3024_15A0909,160941,Mk10,16:10:38 23-Nov-2016,Argos,A,52.7578,173.8363,421,1308,135,101,,,,,,
PV2016_3024_15A0909,160941,Mk10,16:26:23 23-Nov-2016,Argos,B,52.7362,173.8922,1647,7956,340,109,,,,,,
PV2016_3024_15A0909,160941,Mk10,17:55:10 23-Nov-2016,Argos,B,52.7503,173.8946,988,7401,132,27,,,,,,
PV2016_3024_15A0909,160941,Mk10,18:08:01 23-Nov-2016,Argos,2,52.7444,173.9008,428,733,250,45,,,,,,
PV2016_3024_15A0909,160941,Mk10,18:16:32 23-Nov-2016,Argos,3,52.7512,173.9035,160,405,62,91,,,,,,
PV2016_3024_15A0909,160941,Mk10,18:28:18 23-Nov-2016,Argos,3,52.7515,173.9105,207,448,95,92,,,,,,
PV2016_3024_15A0909,160941,Mk10,19:49:11 23-Nov-2016,Argos,B,52.7581,173.9210,2652,4719,1490,89,,,,,,
PV2016_3024_15A0909,160941,Mk10,19:55:21 23-Nov-2016,Argos,A,52.7513,173.9081,157,226,108,70,,,,,,
PV2016_3024_15A0909,160941,Mk10,21:36:37 23-Nov-2016,Argos,B,52.7589,173.9221,1599,3530,724,100,,,,,,
PV2016_3024_15A0909,160941,Mk10,21:53:39 23-Nov-2016,Argos,B,52.7556,173.9200,1545,2738,871,84,,,,,,
PV2016_3024_15A0909,160941,Mk10,22:51:46 23-Nov-2016,Argos,A,52.7434,173.9440,627,19199,20,101,,,,,,
PV2016_3024_15A0909,160941,Mk10,02:09:11 24-Nov-2016,Argos,3,52.7522,173.9141,164,594,45,73,,,,,,
PV2016_3024_15A0909,160941,Mk10,04:01:08 24-Nov-2016,Argos,B,52.7374,173.9207,1426,2461,826,90,,,,,,
PV2016_3024_15A0909,160941,Mk10,04:24:12 24-Nov-2016,Argos,B,52.7447,173.9039,1093,12268,97,43,,,,,,
PV2016_3024_15A0909,160941,Mk10,05:48:16 24-Nov-2016,Argos,B,52.7475,173.8826,1452,7190,293,44,,,,,,
PV2016_3024_15A0909,160941,Mk10,06:08:06 24-Nov-2016,Argos,B,52.7189,173.8630,755,16238,35,75,,,,,,
PV2016_3024_15A0909,160941,Mk10,06:13:35 24-Nov-2016,Argos,B,52.7189,173.8638,285,1749,46,114,,,,,,
PV2016_3024_15A0909,160941,Mk10,09:21:32 24-Nov-2016,Argos,B,52.7238,173.8579,1744,3176,957,83,,,,,,
PV2016_3024_15A0909,160941,Mk10,16:07:57 24-Nov-2016,Argos,B,52.7045,173.8353,2631,7921,873,95,,,,,,
PV2016_3024_15A0909,160941,Mk10,17:38:14 24-Nov-2016,Argos,A,52.7181,173.8184,5466,550312,54,80,,,,,,
PV2016_3024_15A0909,160941,Mk10,17:42:46 24-Nov-2016,Argos,B,52.6928,173.8591,2729,7164,1039,90,,,,,,
PV2016_3024_15A0909,160941,Mk10,17:50:56 24-Nov-2016,Argos,B,52.7332,173.9065,636,1771,228,9,,,,,,
PV2016_3024_15A0909,160941,Mk10,18:19:12 24-Nov-2016,Argos,1,52.7534,173.9166,600,1378,260,125,,,,,,
PV2016_3024_15A0909,160941,Mk10,19:18:46 24-Nov-2016,Argos,B,52.7519,173.9195,2327,4214,1284,90,,,,,,
PV2016_3024_15A0909,160941,Mk10,19:32:02 24-Nov-2016,Argos,A,52.7491,173.9155,280,2366,33,113,,,,,,
PV2016_3024_15A0909,160941,Mk10,21:38:51 24-Nov-2016,Argos,3,52.7540,173.9144,177,337,93,71,,,,,,
PV2016_3024_15A0909,160941,Mk10,21:42:49 24-Nov-2016,Argos,B,52.7540,173.9143,563,930,340,89,,,,,,
PV2016_3024_15A0909,160941,Mk10,01:57:49 25-Nov-2016,Argos,B,52.7363,173.9246,3273,9694,1104,82,,,,,,
PV2016_3024_15A0909,160941,Mk10,04:13:13 25-Nov-2016,Argos,A,52.7537,173.9078,252,371,170,2,,,,,,
PV2016_3024_15A0909,160941,Mk10,05:22:33 25-Nov-2016,Argos,1,52.7620,173.8959,1006,1871,540,48,,,,,,
PV2016_3024_15A0909,160941,Mk10,05:41:35 25-Nov-2016,Argos,A,52.7479,173.8951,1571,9216,267,102,,,,,,
PV2016_3024_15A0909,160941,Mk10,05:48:31 25-Nov-2016,Argos,A,52.7411,173.9057,1304,23089,73,79,,,,,,
PV2016_3024_15A0909,160941,Mk10,17:36:57 25-Nov-2016,Argos,B,52.7497,173.8398,14775,41922,5206,96,,,,,,
PV2016_3024_15A0909,160941,Mk10,18:07:01 25-Nov-2016,Argos,0,52.7544,173.9125,1531,4756,492,122,,,,,,
PV2016_3024_15A0909,160941,Mk10,18:45:34 25-Nov-2016,Argos,B,52.7439,173.9201,3096,21107,454,108,,,,,,
PV2016_3024_15A0909,160941,Mk10,19:09:50 25-Nov-2016,Argos,B,52.7331,173.9287,4013,9694,1661,100,,,,,,
PV2016_3024_15A0909,160941,Mk10,01:47:35 26-Nov-2016,Argos,3,52.7518,173.9144,159,362,69,75,,,,,,
PV2016_3024_15A0909,160941,Mk10,04:03:36 26-Nov-2016,Argos,B,52.7343,173.9868,1030,7899,134,98,,,,,,
PV2016_3024_15A0909,160941,Mk10,04:54:13 26-Nov-2016,Argos,B,52.7421,173.9892,1491,5229,425,95,,,,,,
PV2016_3024_15A0909,160941,Mk10,05:36:23 26-Nov-2016,Argos,A,52.7551,173.9436,1294,35175,47,82,,,,,,
PV2016_3024_15A0909,160941,Mk10,06:35:22 26-Nov-2016,Argos,2,52.7477,173.9250,358,1451,88,104,,,,,,
PV2016_3024_15A0909,160941,Mk10,06:53:24 26-Nov-2016,Argos,B,52.7625,173.9273,1510,10732,212,52,,,,,,
PV2016_3024_15A0909,160941,Mk10,08:34:55 26-Nov-2016,Argos,3,52.7483,173.9158,166,226,121,144,,,,,,
PV2016_3024_15A0909,160941,Mk10,08:40:53 26-Nov-2016,Argos,3,52.7496,173.9155,240,1262,45,68,,,,,,
PV2016_3024_15A0909,160941,Mk10,09:41:15 26-Nov-2016,Argos,B,52.7504,173.9055,881,2691,288,4,,,,,,
PV2016_3024_15A0909,160941,Mk10,14:02:30 26-Nov-2016,Argos,B,52.7504,173.8904,2097,4095,1074,90,,,,,,
PV2016_3024_15A0909,160941,Mk10,15:39:27 26-Nov-2016,Argos,B,52.7531,173.9141,1626,14137,186,161,,,,,,
PV2016_3024_15A0909,160941,Mk10,16:37:35 26-Nov-2016,Argos,A,52.7486,173.9135,253,1572,40,95,,,,,,
PV2016_3024_15A0909,160941,Mk10,17:02:08 26-Nov-2016,Argos,B,52.7439,173.9283,512,1758,148,49,,,,,,
PV2016_3024_15A0909,160941,Mk10,17:21:43 26-Nov-2016,Argos,B,52.7433,173.9274,783,1261,486,69,,,,,,
PV2016_3024_15A0909,160941,Mk10,17:55:13 26-Nov-2016,Argos,B,52.7395,173.9180,737,4466,121,138,,,,,,
PV2016_3024_15A0909,160941,Mk10,18:20:45 26-Nov-2016,Argos,B,52.7407,173.9174,983,1641,588,120,,,,,,
PV2016_3024_15A0909,160941,Mk10,01:37:07 27-Nov-2016,Argos,B,52.7520,173.9062,1911,89095,41,98,,,,,,
PV2016_3024_15A0909,160941,Mk10,18:38:39 28-Nov-2016,Argos,B,52.4445,173.2131,7608,97282,595,98,,,,,,
PV2016_3024_15A0909,160941,Mk10,02:54:04 29-Nov-2016,Argos,B,52.3988,173.1628,6739,39573,1147,93,,,,,,
PV2016_3024_15A0909,160941,Mk10,06:57:38 29-Nov-2016,Argos,B,52.4130,173.1416,7231,56611,923,81,,,,,,
PV2016_3024_15A0909,160941,Mk10,06:57:38 29-Nov-2016,Argos,B,52.4053,173.1350,10915,60891,1956,86,,,,,,
PV2016_3024_15A0909,160941,Mk10,08:35:06 29-Nov-2016,Argos,B,52.3972,173.1312,3761,12027,1176,77,,,,,,
PV2016_3024_15A0909,160941,Mk10,08:38:07 29-Nov-2016,Argos,B,52.4087,173.1218,1711,39973,73,58,,,,,,
PV2016_3024_15A0909,160941,Mk10,09:14:01 29-Nov-2016,Argos,B,52.4089,173.1160,1724,5506,539,61,,,,,,
PV2016_3024_15A0909,160941,Mk10,15:08:07 29-Nov-2016,Argos,B,52.4342,173.0471,2513,7958,793,82,,,,,,
PV2016_3024_15A0909,160941,Mk10,15:08:07 29-Nov-2016,Argos,B,52.4008,173.0403,2840,4451,1812,66,,,,,,
PV2016_3024_15A0909,160941,Mk10,16:43:19 29-Nov-2016,Argos,B,52.4477,173.0388,2693,14170,511,78,,,,,,
PV2016_3024_15A0909,160941,Mk10,16:48:54 29-Nov-2016,Argos,B,52.4494,173.0376,657,8275,52,128,,,,,,
PV2016_3024_15A0909,160941,Mk10,18:22:56 29-Nov-2016,Argos,B,52.4498,173.0210,1207,2901,502,90,,,,,,
PV2016_3024_15A0909,160941,Mk10,18:58:04 29-Nov-2016,Argos,B,52.4422,173.0225,1240,48326,31,90,,,,,,
PV2016_3024_15A0909,160941,Mk10,19:03:52 29-Nov-2016,Argos,B,52.4420,173.0239,1294,11246,148,89,,,,,,
PV2016_3024_15A0909,160941,Mk10,21:34:28 29-Nov-2016,Argos,B,52.4383,173.0119,1950,4315,880,94,,,,,,
PV2016_3024_15A0909,160941,Mk10,05:20:11 03-Dec-2016,Argos,A,52.3932,173.1180,121,436,33,79,,,,,,
PV2016_3024_15A0909,160941,Mk10,14:23:23 03-Dec-2016,Argos,B,52.3864,173.0607,2686,6846,1053,91,,,,,,
PV2016_3024_15A0909,160941,Mk10,16:01:40 03-Dec-2016,Argos,B,52.3856,173.0770,3467,9710,1237,88,,,,,,
PV2016_3024_15A0909,160941,Mk10,18:03:08 03-Dec-2016,Argos,B,52.3978,173.0834,3612,10286,1268,90,,,,,,
PV2016_3024_15A0909,160941,Mk10,22:39:23 03-Dec-2016,Argos,B,52.4102,173.0785,4122,10747,1580,92,,,,,,
PV2016_3024_15A0909,160941,Mk10,19:08:33 04-Dec-2016,Argos,B,52.4786,173.0471,5030,24625,1027,100,,,,,,
PV2016_3024_15A0909,160941,Mk10,22:27:53 04-Dec-2016,Argos,B,52.4766,173.0854,5613,26306,1197,103,,,,,,
PV2016_3024_15A0909,160941,Mk10,08:50:25 05-Dec-2016,Argos,B,52.4929,173.0434,6288,18040,2191,103,,,,,,
PV2016_3024_15A0909,160941,Mk10,06:40:08 06-Dec-2016,Argos,B,52.4517,173.1991,3606,229287,56,125,,,,,,
PV2016_3024_15A0909,160941,Mk10,17:12:46 06-Dec-2016,Argos,B,52.4372,173.1997,4067,11507,1437,104,,,,,,
PV2016_3024_15A0909,160941,Mk10,17:55:33 06-Dec-2016,Argos,B,52.4403,173.1824,3511,7496,1644,106,,,,,,
PV2016_3024_15A0909,160941,Mk10,18:08:51 06-Dec-2016,Argos,B,52.4268,173.2082,3591,13859,930,97,,,,,,
PV2016_3024_15A0909,160941,Mk10,21:40:01 06-Dec-2016,Argos,B,52.4234,173.2129,3629,20190,652,93,,,,,,
PV2016_3024_15A0909,160941,Mk10,22:23:09 06-Dec-2016,Argos,A,52.4296,173.2355,416,9780,17,98,,,,,,
PV2016_3024_15A0909,160941,Mk10,01:19:06 07-Dec-2016,Argos,B,52.4597,173.3433,1248,17526,88,129,,,,,,
PV2016_3024_15A0909,160941,Mk10,02:59:28 07-Dec-2016,Argos,B,52.4297,173.4154,1028,4681,225,72,,,,,,
PV2016_3024_15A0909,160941,Mk10,04:42:36 07-Dec-2016,Argos,B,52.4289,173.4645,1665,3653,759,81,,,,,,
PV2016_3024_15A0909,160941,Mk10,05:16:30 07-Dec-2016,Argos,B,52.4185,173.3866,1575,22477,110,131,,,,,,
PV2016_3024_15A0909,160941,Mk10,05:19:27 07-Dec-2016,Argos,B,52.4752,173.3246,354,3038,41,80,,,,,,
PV2016_3024_15A0909,160941,Mk10,06:10:12 07-Dec-2016,Argos,B,52.4689,173.3552,717,4104,125,8,,,,,,
PV2016_3024_15A0909,160941,Mk10,06:55:28 07-Dec-2016,Argos,B,52.4871,173.3503,1017,1469,703,76,,,,,,
PV2016_3024_15A0909,160941,Mk10,08:08:57 07-Dec-2016,Argos,B,52.4594,173.3646,1605,2309,1115,89,,,,,,
PV2016_3024_15A0909,160941,Mk10,15:12:23 07-Dec-2016,Argos,A,52.5863,173.4194,170,328,87,77,,,,,,
PV2016_3024_15A0909,160941,Mk10,15:56:09 07-Dec-2016,Argos,A,52.5887,173.4470,274,556,135,97,,,,,,
PV2016_3024_15A0909,160941,Mk10,16:53:43 07-Dec-2016,Argos,A,52.6138,173.4944,181,356,91,114,,,,,,
PV2016_3024_15A0909,160941,Mk10,17:35:33 07-Dec-2016,Argos,B,52.6208,173.5253,891,1476,537,91,,,,,,
PV2016_3024_15A0909,160941,Mk10,17:35:33 07-Dec-2016,Argos,B,52.6191,173.5145,1247,3731,416,81,,,,,,
PV2016_3024_15A0909,160941,Mk10,19:10:35 07-Dec-2016,Argos,B,52.6359,173.5816,1222,18163,82,53,,,,,,
PV2016_3024_15A0909,160941,Mk10,19:10:35 07-Dec-2016,Argos,B,52.6370,173.5859,1670,4154,671,89,,,,,,
PV2016_3024_15A0909,160941,Mk10,01:06:19 08-Dec-2016,Argos,1,52.7458,173.9194,582,2309,146,54,,,,,,
PV2016_3024_15A0909,160941,Mk10,02:50:05 08-Dec-2016,Argos,A,52.7512,173.9048,1157,25342,52,78,,,,,,
PV2016_3024_15A0909,160941,Mk10,04:31:10 08-Dec-2016,Argos,1,52.7501,173.9142,821,2567,262,137,,,,,,
PV2016_3024_15A0909,160941,Mk10,04:57:22 08-Dec-2016,Argos,B,52.7514,173.9121,926,1378,622,114,,,,,,
PV2016_3024_15A0909,160941,Mk10,05:05:33 08-Dec-2016,Argos,3,52.7519,173.9128,138,214,88,79,,,,,,
PV2016_3024_15A0909,160941,Mk10,05:39:50 08-Dec-2016,Argos,3,52.7515,173.9003,183,268,123,66,,,,,,
PV2016_3024_15A0909,160941,Mk10,06:12:23 08-Dec-2016,Argos,B,52.7545,173.9072,1409,2349,845,89,,,,,,
PV2016_3024_15A0909,160941,Mk10,06:35:35 08-Dec-2016,Argos,1,52.7509,173.9016,673,5319,85,97,,,,,,
PV2016_3024_15A0909,160941,Mk10,08:48:25 08-Dec-2016,Argos,B,52.7636,173.9392,2611,7288,935,77,,,,,,
PV2016_3024_15A0909,160941,Mk10,08:55:44 08-Dec-2016,Argos,B,52.7544,173.9162,2564,10522,624,83,,,,,,
PV2016_3024_15A0909,160941,Mk10,09:31:33 08-Dec-2016,Argos,B,52.7574,173.9137,876,6568,116,37,,,,,,
PV2016_3024_15A0909,160941,Mk10,02:41:50 09-Dec-2016,Argos,B,52.8162,174.0408,3613,10379,1257,86,,,,,,
PV2016_3024_15A0909,160941,Mk10,06:10:56 09-Dec-2016,Argos,B,52.7750,173.9365,4878,28530,834,87,,,,,,
PV2016_3024_15A0909,160941,Mk10,06:48:51 09-Dec-2016,Argos,A,52.7511,173.9116,193,1162,32,86,,,,,,
PV2016_3024_15A0909,160941,Mk10,08:29:02 09-Dec-2016,Argos,B,52.7387,173.8939,1314,2460,701,90,,,,,,
PV2016_3024_15A0909,160941,Mk10,09:10:44 09-Dec-2016,Argos,B,52.7448,173.8860,1263,25908,61,78,,,,,,
PV2016_3024_15A0909,160941,Mk10,02:29:53 10-Dec-2016,Argos,1,52.7506,173.9228,719,11744,44,78,,,,,,
PV2016_3024_15A0909,160941,Mk10,04:05:31 10-Dec-2016,Argos,B,52.7676,173.9137,1453,4529,465,154,,,,,,
PV2016_3024_15A0909,160941,Mk10,04:39:39 10-Dec-2016,Argos,B,52.7661,173.9094,1877,2465,1429,129,,,,,,
PV2016_3024_15A0909,160941,Mk10,05:44:52 10-Dec-2016,Argos,B,52.7519,173.9212,991,32428,30,82,,,,,,
PV2016_3024_15A0909,160941,Mk10,06:18:59 10-Dec-2016,Argos,1,52.7512,173.9180,558,3657,85,86,,,,,,
PV2016_3024_15A0909,160941,Mk10,06:22:01 10-Dec-2016,Argos,3,52.7516,173.9171,144,639,32,85,,,,,,
PV2016_3024_15A0909,160941,Mk10,08:00:13 10-Dec-2016,Argos,B,52.7470,173.9148,1430,2409,848,89,,,,,,
PV2016_3024_15A0909,160941,Mk10,08:05:49 10-Dec-2016,Argos,B,52.7500,173.9184,1320,2547,684,90,,,,,,
PV2016_3024_15A0909,160941,Mk10,08:08:34 10-Dec-2016,Argos,B,52.7421,173.9155,973,6795,139,80,,,,,,
PV2016_3024_15A0909,160941,Mk10,08:50:03 10-Dec-2016,Argos,1,52.7537,173.9242,523,3714,73,77,,,,,,
PV2016_3024_15A0909,160941,Mk10,05:18:19 11-Dec-2016,Argos,B,52.7754,174.0491,15363,,,,,,,,,
PV2016_3024_15A0909,160941,Mk10,05:48:44 11-Dec-2016,Argos,B,52.7111,173.8917,10148,201789,510,34,,,,,,
PV2016_3024_15A0909,160941,Mk10,06:05:35 11-Dec-2016,Argos,A,52.7500,173.9111,525,12713,21,79,,,,,,
PV2016_3024_15A0909,160941,Mk10,06:57:58 11-Dec-2016,Argos,B,52.7822,174.1101,13764,67466,2807,77,,,,,,
PV2016_3024_15A0909,160941,Mk10,21:35:12 11-Dec-2016,Argos,B,52.8195,174.3762,4284,18663,983,77,,,,,,
PV2016_3024_15A0909,160941,Mk10,21:47:48 11-Dec-2016,Argos,B,52.7525,174.0140,3012,8499,1067,72,,,,,,
PV2016_3024_15A0909,160941,Mk10,22:24:40 11-Dec-2016,Argos,3,52.7477,173.9584,166,850,32,91,,,,,,
PV2016_3024_15A0909,160941,Mk10,04:16:54 12-Dec-2016,Argos,B,52.7719,173.8603,2277,4875,1062,84,,,,,,
PV2016_3024_15A0909,160941,Mk10,05:52:50 12-Dec-2016,Argos,0,52.7216,173.7703,10857,443629,265,78,,,,,,
PV2016_3024_15A0909,160941,Mk10,06:34:26 12-Dec-2016,Argos,B,52.7155,173.7596,13938,31461,6174,81,,,,,,
PV2016_3024_15A0909,160941,Mk10,06:36:44 12-Dec-2016,Argos,2,52.7530,173.9118,492,1372,176,95,,,,,,
PV2016_3024_15A0909,160941,Mk10,06:54:31 12-Dec-2016,Argos,B,52.6998,173.8678,8850,45529,1720,44,,,,,,
PV2016_3024_15A0909,160941,Mk10,08:08:33 12-Dec-2016,Argos,3,52.7507,173.9176,170,330,87,75,,,,,,
PV2016_3024_15A0909,160941,Mk10,08:36:18 12-Dec-2016,Argos,A,52.7545,173.9161,287,341,240,74,,,,,,
PV2016_3024_15A0909,160941,Mk10,09:05:41 12-Dec-2016,Argos,B,52.7517,173.9207,565,15333,20,78,,,,,,
PV2016_3024_15A0909,160941,Mk10,09:48:23 12-Dec-2016,Argos,3,52.7512,173.9089,180,460,70,87,,,,,,
PV2016_3024_15A0909,160941,Mk10,14:20:08 12-Dec-2016,Argos,B,52.7590,173.8740,3971,8572,1839,87,,,,,,
PV2016_3024_15A0909,160941,Mk10,16:00:47 12-Dec-2016,Argos,A,52.7539,173.9067,357,5313,24,102,,,,,,
PV2016_3024_15A0909,160941,Mk10,01:56:29 13-Dec-2016,Argos,B,52.7637,173.9119,2839,4899,1644,67,,,,,,
PV2016_3024_15A0909,160941,Mk10,04:06:34 13-Dec-2016,Argos,B,52.7603,173.9112,3070,5350,1761,78,,,,,,
PV2016_3024_15A0909,160941,Mk10,04:32:58 13-Dec-2016,Argos,B,52.7606,173.9132,2890,4667,1789,86,,,,,,
PV2016_3024_15A0909,160941,Mk10,06:21:10 13-Dec-2016,Argos,B,52.7183,173.8773,1430,45553,44,118,,,,,,
PV2016_3024_15A0909,160941,Mk10,08:01:33 13-Dec-2016,Argos,B,52.6982,173.8276,1871,4982,702,116,,,,,,
PV2016_3024_15A0909,160941,Mk10,09:29:36 13-Dec-2016,Argos,B,52.6483,173.8441,1623,4949,532,91,,,,,,
PV2016_3024_15A0909,160941,Mk10,15:48:40 13-Dec-2016,Argos,B,52.6518,173.7428,2450,121305,49,79,,,,,,
PV2016_3024_15A0909,160941,Mk10,16:09:15 13-Dec-2016,Argos,B,52.7283,173.8450,3809,20428,710,68,,,,,,
PV2016_3024_15A0909,160941,Mk10,17:33:09 13-Dec-2016,Argos,B,52.6927,173.8219,3703,18604,737,72,,,,,,
PV2016_3024_15A0909,160941,Mk10,18:01:32 13-Dec-2016,Argos,B,52.6818,173.7529,3544,13970,898,71,,,,,,
PV2016_3024_15A0909,160941,Mk10,18:16:26 13-Dec-2016,Argos,B,52.6454,173.6642,3246,10731,982,71,,,,,,
PV2016_3024_15A0909,160941,Mk10,19:27:05 13-Dec-2016,Argos,B,52.5523,173.5711,2698,11112,655,82,,,,,,
PV2016_3024_15A0909,160941,Mk10,19:42:22 13-Dec-2016,Argos,B,52.4921,173.4315,2239,102346,49,99,,,,,,
PV2016_3024_15A0909,160941,Mk10,19:57:31 13-Dec-2016,Argos,B,52.5413,173.4293,6607,11421,3821,88,,,,,,
PV2016_3024_15A0909,160941,Mk10,21:22:20 13-Dec-2016,Argos,B,52.4894,173.4032,7663,13193,4451,86,,,,,,
PV2016_3024_15A0909,160941,Mk10,21:42:14 13-Dec-2016,Argos,B,52.5220,173.3895,3291,8616,1257,66,,,,,,
PV2016_3024_15A0909,160941,Mk10,22:37:32 13-Dec-2016,Argos,B,52.4623,173.2993,2204,78741,61,88,,,,,,
PV2016_3024_15A0909,160941,Mk10,01:43:29 14-Dec-2016,Argos,B,52.3501,173.0280,2478,7660,801,77,,,,,,
PV2016_3024_15A0909,160941,Mk10,05:32:39 14-Dec-2016,Argos,B,52.2284,172.8624,3238,6165,1700,82,,,,,,
PV2016_3024_15A0909,160941,Mk10,05:52:24 14-Dec-2016,Argos,B,52.4042,173.0958,2420,9258,632,90,,,,,,
PV2016_3024_15A0909,160941,Mk10,09:06:42 14-Dec-2016,Argos,B,52.4118,173.0901,2974,9107,971,89,,,,,,
PV2016_3024_15A0909,160941,Mk10,09:13:18 14-Dec-2016,Argos,B,52.4082,173.0909,3104,8156,1181,89,,,,,,
PV2016_3024_15A0909,160941,Mk10,06:58:53 15-Dec-2016,Argos,B,52.5389,172.9963,17291,69030,4331,84,,,,,,
PV2016_3024_15A0909,160941,Mk10,06:58:53 15-Dec-2016,Argos,B,52.5165,172.9822,16781,69562,4048,79,,,,,,
PV2016_3024_15A0909,160941,Mk10,06:58:53 15-Dec-2016,Argos,B,52.5826,173.1836,25572,293540,2227,76,,,,,,
PV2016_3024_15A0909,160941,Mk10,22:42:39 15-Dec-2016,Argos,B,52.5724,173.0735,5536,13534,2264,93,,,,,,
PV2016_3024_15A0909,160941,Mk10,01:15:48 16-Dec-2016,Argos,A,52.6438,173.2938,509,817,316,45,,,,,,
PV2016_3024_15A0909,160941,Mk10,02:56:59 16-Dec-2016,Argos,B,52.6347,173.2649,4737,7727,2903,88,,,,,,
PV2016_3024_15A0909,160941,Mk10,04:52:18 16-Dec-2016,Argos,B,52.6444,173.2809,4899,8661,2770,90,,,,,,
PV2016_3024_15A0909,160941,Mk10,05:13:49 16-Dec-2016,Argos,B,52.6532,173.2573,2886,100964,82,91,,,,,,
PV2016_3024_15A0909,160941,Mk10,06:29:20 16-Dec-2016,Argos,B,52.6403,173.2777,1878,8367,421,86,,,,,,
PV2016_3024_15A0909,160941,Mk10,06:29:20 16-Dec-2016,Argos,B,52.6499,173.2900,4892,8977,2666,91,,,,,,
PV2016_3024_15A0909,160941,Mk10,06:56:41 16-Dec-2016,Argos,B,52.6456,173.3004,1853,7725,444,91,,,,,,
PV2016_3024_15A0909,160941,Mk10,08:11:34 16-Dec-2016,Argos,B,52.6500,173.3368,1405,51400,38,117,,,,,,
PV2016_3024_15A0909,160941,Mk10,08:14:22 16-Dec-2016,Argos,B,52.6441,173.3480,1233,10804,140,117,,,,,,
PV2016_3024_15A0909,160941,Mk10,08:26:07 16-Dec-2016,Argos,B,52.6450,173.3325,1445,33751,61,112,,,,,,
PV2016_3024_15A0909,160941,Mk10,09:20:24 16-Dec-2016,Argos,B,52.6398,173.3306,1709,5095,573,108,,,,,,
PV2016_3024_15A0909,160941,Mk10,15:15:42 16-Dec-2016,Argos,B,52.5755,173.3280,2420,8690,673,88,,,,,,
PV2016_3024_15A0909,160941,Mk10,17:03:59 16-Dec-2016,Argos,B,52.5677,173.3351,3004,8677,1040,85,,,,,,
PV2016_3024_15A0909,160941,Mk10,17:03:59 16-Dec-2016,Argos,B,52.5678,173.3330,2892,8959,933,87,,,,,,
PV2016_3024_15A0909,160941,Mk10,17:27:34 16-Dec-2016,Argos,B,52.5634,173.3303,2870,9625,855,88,,,,,,
PV2016_3024_15A0909,160941,Mk10,17:56:28 16-Dec-2016,Argos,B,52.5677,173.3316,2854,11000,740,89,,,,,,
PV2016_3024_15A0909,160941,Mk10,18:42:26 16-Dec-2016,Argos,B,52.5801,173.3076,2822,12965,614,86,,,,,,
PV2016_3024_15A0909,160941,Mk10,19:08:22 16-Dec-2016,Argos,B,52.6199,173.2185,1899,104512,34,78,,,,,,
PV2016_3024_15A0909,160941,Mk10,15:44:23 17-Dec-2016,Argos,B,52.5526,173.1224,4237,10556,1700,69,,,,,,
PV2016_3024_15A0909,160941,Mk10,16:45:15 17-Dec-2016,Argos,B,52.5736,173.1719,3225,20374,510,91,,,,,,
PV2016_3024_15A0909,160941,Mk10,17:23:47 17-Dec-2016,Argos,B,52.5711,173.1677,3257,23042,460,92,,,,,,
PV2016_3024_15A0909,160941,Mk10,18:20:32 17-Dec-2016,Argos,B,52.5749,173.1524,3227,21092,493,90,,,,,,
PV2016_3024_15A0909,160941,Mk10,18:51:20 17-Dec-2016,Argos,B,52.5741,173.2631,1439,6113,338,179,,,,,,
PV2016_3024_15A0909,160941,Mk10,19:02:07 17-Dec-2016,Argos,B,52.5831,173.2097,2101,8796,501,91,,,,,,
PV2016_3024_15A0909,160941,Mk10,21:34:48 17-Dec-2016,Argos,B,52.5912,173.2820,3571,8391,1519,98,,,,,,
PV2016_3024_15A0909,160941,Mk10,21:57:16 17-Dec-2016,Argos,B,52.6081,173.2166,2159,5475,850,78,,,,,,
PV2016_3024_15A0909,160941,Mk10,22:52:32 17-Dec-2016,Argos,B,52.6030,173.2270,1713,3628,809,96,,,,,,
PV2016_3024_15A0909,160941,Mk10,02:31:11 18-Dec-2016,Argos,B,52.6135,173.2977,2564,5270,1247,95,,,,,,
PV2016_3024_15A0909,160941,Mk10,04:03:52 18-Dec-2016,Argos,B,52.5996,173.3061,3320,11492,959,89,,,,,,
PV2016_3024_15A0909,160941,Mk10,04:49:03 18-Dec-2016,Argos,B,52.5981,173.3008,2980,8646,1027,84,,,,,,
PV2016_3024_15A0909,160941,Mk10,06:09:57 18-Dec-2016,Argos,B,52.5822,173.3006,3053,8336,1117,87,,,,,,
PV2016_3024_15A0909,160941,Mk10,08:12:18 18-Dec-2016,Argos,B,52.5611,173.2633,2721,5904,1254,104,,,,,,
PV2016_3024_15A0909,160941,Mk10,17:54:26 20-Dec-2016,Argos,1,52.7161,173.9538,964,2533,367,52,,,,,,
PV2016_3024_15A0909,160941,Mk10,18:17:17 20-Dec-2016,Argos,3,52.7258,173.9721,192,319,115,115,,,,,,
PV2016_3024_15A0909,160941,Mk10,18:42:06 20-Dec-2016,Argos,3,52.7267,173.9705,132,574,30,94,,,,,,
PV2016_3024_15A0909,160941,Mk10,19:06:51 20-Dec-2016,Argos,3,52.7253,173.9702,160,236,107,47,,,,,,
PV2016_3024_15A0909,160941,Mk10,19:59:50 20-Dec-2016,Argos,B,52.7216,173.9778,1004,1646,611,90,,,,,,
PV2016_3024_15A0909,160941,Mk10,22:18:57 21-Dec-2016,Argos,B,52.7089,173.1416,14817,232112,945,156,,,,,,
PV2016_3024_15A0909,160941,Mk10,18:10:59 25-Dec-2016,Argos,B,52.4677,173.1731,43711,,,,,,,,,
PV2016_3024_15A0909,160941,Mk10,04:02:26 26-Dec-2016,Argos,B,52.4749,173.1648,42210,142156,12533,103,,,,,,
PV2016_3024_15A0909,160941,Mk10,04:26:55 26-Dec-2016,Argos,B,52.4655,173.1059,41226,170635,9960,96,,,,,,
PV2016_3024_15A0909,160941,Mk10,09:17:40 26-Dec-2016,Argos,B,52.4804,173.1228,5410,17831,1641,93,,,,,,
PV2016_3024_15A0909,160941,Mk10,17:10:34 26-Dec-2016,Argos,B,52.4866,173.0440,5031,23127,1094,81,,,,,,
PV2016_3024_15A0909,160941,Mk10,17:50:45 26-Dec-2016,Argos,B,52.4967,173.0835,4463,16253,1225,81,,,,,,
PV2016_3024_15A0909,160941,Mk10,21:23:17 26-Dec-2016,Argos,B,52.5075,173.1025,4826,15456,1506,81,,,,,,
PV2016_3024_15A0909,160941,Mk10,18:46:01 27-Dec-2016,Argos,B,52.5384,173.2035,5098,6646,3910,102,,,,,,
PV2016_3024_15A0909,160941,Mk10,18:46:01 27-Dec-2016,Argos,B,52.5594,173.1746,4297,10479,1761,87,,,,,,
PV2016_3024_15A0909,160941,Mk10,21:48:29 27-Dec-2016,Argos,B,52.5642,173.1938,3629,9941,1324,68,,,,,,
PV2016_3024_15A0909,160941,Mk10,22:46:26 27-Dec-2016,Argos,B,52.5655,173.1958,2006,6857,587,102,,,,,,
PV2016_3024_15A0909,160941,Mk10,01:06:44 28-Dec-2016,Argos,B,52.5660,173.2217,2313,5364,997,94,,,,,,
PV2016_3024_15A0909,160941,Mk10,02:29:09 28-Dec-2016,Argos,B,52.5650,173.2263,2562,5050,1299,93,,,,,,
PV2016_3024_15A0909,160941,Mk10,02:53:18 28-Dec-2016,Argos,B,52.5556,173.2404,2500,4976,1255,87,,,,,,
PV2016_3024_15A0909,160941,Mk10,04:30:36 28-Dec-2016,Argos,B,52.5588,173.2525,1948,37360,101,133,,,,,,
PV2016_3024_15A0909,160941,Mk10,05:13:27 28-Dec-2016,Argos,B,52.5124,173.2996,1339,2531,708,120,,,,,,
PV2016_3024_15A0909,160941,Mk10,06:08:14 28-Dec-2016,Argos,B,52.4960,173.3308,1003,45501,22,79,,,,,,
PV2016_3024_15A0909,160941,Mk10,06:32:11 28-Dec-2016,Argos,B,52.4959,173.3300,1187,4249,331,80,,,,,,
PV2016_3024_15A0909,160941,Mk10,08:36:36 28-Dec-2016,Argos,B,52.4759,173.3500,1945,3931,961,78,,,,,,
PV2016_3024_15A0909,160941,Mk10,09:17:29 28-Dec-2016,Argos,B,52.4787,173.3484,1418,8703,231,134,,,,,,
PV2016_3024_15A0909,160941,Mk10,14:39:00 28-Dec-2016,Argos,B,52.5056,173.4119,2207,5500,885,89,,,,,,
PV2016_3024_15A0909,160941,Mk10,15:02:32 28-Dec-2016,Argos,B,52.5338,173.3057,2214,7363,665,82,,,,,,
PV2016_3024_15A0909,160941,Mk10,16:16:26 28-Dec-2016,Argos,B,52.5902,173.3234,2038,20082,206,82,,,,,,
PV2016_3024_15A0909,160941,Mk10,16:37:24 28-Dec-2016,Argos,B,52.5390,173.3231,2294,7216,729,88,,,,,,
PV2016_3024_15A0909,160941,Mk10,18:21:38 28-Dec-2016,Argos,B,52.5306,173.3504,2575,6220,1065,89,,,,,,
PV2016_3024_15A0909,160941,Mk10,18:34:19 28-Dec-2016,Argos,B,52.5376,173.3467,2329,6234,869,103,,,,,,
PV2016_3024_15A0909,160941,Mk10,18:40:15 28-Dec-2016,Argos,B,52.5382,173.3415,2120,4835,929,104,,,,,,
PV2016_3024_15A0909,160941,Mk10,21:26:29 28-Dec-2016,Argos,B,52.5298,173.3756,2663,4978,1423,98,,,,,,
PV2016_3024_15A0909,160941,Mk10,22:30:40 28-Dec-2016,Argos,B,52.5342,173.3590,2725,4651,1596,93,,,,,,
PV2016_3024_15A0909,160941,Mk10,04:18:28 29-Dec-2016,Argos,B,52.5357,173.4153,3385,7353,1558,94,,,,,,
PV2016_3024_15A0909,160941,Mk10,04:31:20 29-Dec-2016,Argos,B,52.5533,173.3478,2692,5889,1230,75,,,,,,
PV2016_3024_15A0909,160941,Mk10,08:10:21 29-Dec-2016,Argos,B,52.5456,173.3798,3157,5404,1844,76,,,,,,
PV2016_3024_15A0909,160941,Mk10,14:25:00 29-Dec-2016,Argos,B,52.5673,173.4113,3541,11070,1132,81,,,,,,
PV2016_3024_15A0909,160941,Mk10,17:47:34 29-Dec-2016,Argos,B,52.5330,173.2827,1743,24853,122,101,,,,,,
PV2016_3024_15A0909,160941,Mk10,17:49:26 29-Dec-2016,Argos,B,52.5334,173.2853,1806,21963,148,101,,,,,,
PV2016_3024_15A0909,160941,Mk10,18:15:07 29-Dec-2016,Argos,B,52.5294,173.2965,1478,5898,370,99,,,,,,
PV2016_3024_15A0909,160941,Mk10,18:15:07 29-Dec-2016,Argos,B,52.5302,173.2970,1468,5798,371,98,,,,,,
PV2016_3024_15A0909,160941,Mk10,19:54:08 29-Dec-2016,Argos,B,52.5246,173.2940,1946,4475,846,96,,,,,,
PV2016_3024_15A0909,160941,Mk10,19:54:08 29-Dec-2016,Argos,B,52.5638,173.3653,3872,9394,1595,79,,,,,,
PV2016_3024_15A0909,160941,Mk10,21:10:19 29-Dec-2016,Argos,B,52.5374,173.3172,1494,5709,391,20,,,,,,
PV2016_3024_15A0909,160941,Mk10,08:36:54 30-Dec-2016,Argos,B,52.4524,173.2005,2955,8458,1032,91,,,,,,
PV2016_3024_15A0909,160941,Mk10,15:35:32 30-Dec-2016,Argos,B,52.4677,173.2173,5031,13662,1852,78,,,,,,
PV2016_3024_15A0909,160941,Mk10,15:53:29 30-Dec-2016,Argos,B,52.4645,173.1581,1685,34653,81,122,,,,,,
PV2016_3024_15A0909,160941,Mk10,17:15:57 30-Dec-2016,Argos,B,52.4781,173.1115,1330,3295,536,95,,,,,,
PV2016_3024_15A0909,160941,Mk10,17:53:34 30-Dec-2016,Argos,B,52.4880,173.1043,1555,5463,442,85,,,,,,
PV2016_3024_15A0909,160941,Mk10,19:46:34 30-Dec-2016,Argos,B,52.5239,173.1061,1615,78112,33,99,,,,,,
PV2016_3024_15A0909,160941,Mk10,21:27:26 30-Dec-2016,Argos,B,52.5146,173.1187,2531,7030,910,93,,,,,,
PV2016_3024_15A0909,160941,Mk10,22:33:58 30-Dec-2016,Argos,B,52.5210,173.1442,2625,6529,1055,98,,,,,,
PV2016_3024_15A0909,160941,Mk10,05:17:52 31-Dec-2016,Argos,B,52.4889,173.2910,3181,5632,1796,80,,,,,,
PV2016_3024_15A0909,160941,Mk10,05:17:52 31-Dec-2016,Argos,B,52.5500,173.1329,3574,8418,1516,98,,,,,,
PV2016_3024_15A0909,160941,Mk10,05:34:53 31-Dec-2016,Argos,B,52.4302,173.4104,2357,108734,51,54,,,,,,
PV2016_3024_15A0909,160941,Mk10,06:36:28 31-Dec-2016,Argos,A,52.4538,173.4551,486,1401,168,122,,,,,,
PV2016_3024_15A0909,160941,Mk10,06:57:30 31-Dec-2016,Argos,B,52.4534,173.4552,733,1208,444,100,,,,,,
PV2016_3024_15A0909,160941,Mk10,08:14:05 31-Dec-2016,Argos,2,52.4391,173.4975,460,1038,203,33,,,,,,
PV2016_3024_15A0909,160941,Mk10,08:38:23 31-Dec-2016,Argos,2,52.4411,173.4945,431,2675,69,103,,,,,,
PV2016_3024_15A0909,160941,Mk10,09:55:24 31-Dec-2016,Argos,1,52.4452,173.5391,581,5535,61,84,,,,,,
PV2016_3024_15A0909,160941,Mk10,15:40:13 31-Dec-2016,Argos,1,52.4932,173.6301,602,5252,68,108,,,,,,
PV2016_3024_15A0909,160941,Mk10,16:48:09 31-Dec-2016,Argos,B,52.4976,173.6512,2951,4750,1833,86,,,,,,
PV2016_3024_15A0909,160941,Mk10,17:53:06 31-Dec-2016,Argos,B,52.4999,173.6638,3662,7901,1696,77,,,,,,
PV2016_3024_15A0909,160941,Mk10,19:03:53 31-Dec-2016,Argos,B,52.5021,173.6776,4274,9404,1942,80,,,,,,
PV2016_3024_15A0909,160941,Mk10,19:29:07 31-Dec-2016,Argos,2,52.5001,173.6642,262,1774,38,102,,,,,,
PV2016_3024_15A0909,160941,Mk10,21:11:17 31-Dec-2016,Argos,B,52.5014,173.6633,1506,25621,88,107,,,,,,
PV2016_3024_15A0909,160941,Mk10,01:34:55 01-Jan-2017,Argos,A,52.4942,173.6384,440,3326,58,64,,,,,,
PV2016_3024_15A0909,160941,Mk10,15:40:14 01-Jan-2017,Argos,B,52.4801,173.5740,3860,6002,2482,92,,,,,,
PV2016_3024_15A0909,160941,Mk10,05:56:16 02-Jan-2017,Argos,B,52.5283,173.4346,5076,12504,2060,63,,,,,,
PV2016_3024_15A0909,160941,Mk10,18:14:29 02-Jan-2017,Argos,2,52.4428,173.4758,251,723,86,102,,,,,,
PV2016_3024_15A0909,160941,Mk10,19:03:47 02-Jan-2017,Argos,B,52.4423,173.4772,1137,2702,478,51,,,,,,
PV2016_3024_15A0909,160941,Mk10,19:08:21 02-Jan-2017,Argos,A,52.4431,173.4803,379,2731,52,87,,,,,,
PV2016_3024_15A0909,160941,Mk10,19:57:20 02-Jan-2017,Argos,B,52.4411,173.4799,742,9925,55,101,,,,,,
PV2016_3024_15A0909,160941,Mk10,21:36:47 02-Jan-2017,Argos,B,52.4418,173.4897,1508,2986,761,97,,,,,,
PV2016_3024_15A0909,160941,Mk10,22:29:39 02-Jan-2017,Argos,B,52.4396,173.4958,1786,3197,997,96,,,,,,
PV2016_3024_15A0909,160941,Mk10,01:16:57 03-Jan-2017,Argos,3,52.4425,173.4714,168,493,57,93,,,,,,
PV2016_3024_15A0909,160941,Mk10,02:56:18 03-Jan-2017,Argos,3,52.4420,173.4740,156,652,37,83,,,,,,
PV2016_3024_15A0909,160941,Mk10,04:04:49 03-Jan-2017,Argos,B,52.4416,173.4745,1103,1952,623,88,,,,,,
PV2016_3024_15A0909,160941,Mk10,04:39:42 03-Jan-2017,Argos,B,52.4417,173.4747,1343,2246,802,89,,,,,,
PV2016_3024_15A0909,160941,Mk10,05:00:56 03-Jan-2017,Argos,3,52.4422,173.4746,169,232,122,63,,,,,,
PV2016_3024_15A0909,160941,Mk10,05:27:29 03-Jan-2017,Argos,B,52.4414,173.4730,541,1235,237,124,,,,,,
PV2016_3024_15A0909,160941,Mk10,05:44:10 03-Jan-2017,Argos,B,52.4420,173.4724,475,5413,41,79,,,,,,
PV2016_3024_15A0909,160941,Mk10,01:02:08 04-Jan-2017,Argos,B,52.4049,173.4294,2387,49455,115,49,,,,,,
PV2016_3024_15A0909,160941,Mk10,02:43:24 04-Jan-2017,Argos,B,52.4127,173.4328,2441,7954,748,60,,,,,,
PV2016_3024_15A0909,160941,Mk10,04:48:26 04-Jan-2017,Argos,3,52.4440,173.4745,192,267,138,99,,,,,,
PV2016_3024_15A0909,160941,Mk10,04:57:10 04-Jan-2017,Argos,2,52.4453,173.4764,290,387,217,172,,,,,,
PV2016_3024_15A0909,160941,Mk10,05:20:51 04-Jan-2017,Argos,3,52.4447,173.4741,217,806,58,76,,,,,,
PV2016_3024_15A0909,160941,Mk10,16:45:09 04-Jan-2017,Argos,B,52.5002,173.5468,7548,13450,4236,87,,,,,,Lat > 4 deviations from mean
PV2016_3024_15A0909,160941,Mk10,18:21:11 04-Jan-2017,Argos,B,52.4490,173.4474,6623,9535,4600,107,,,,,,
PV2016_3024_15A0909,160941,Mk10,18:42:54 04-Jan-2017,Argos,B,52.4490,173.4487,5639,10532,3019,122,,,,,,
PV2016_3024_15A0909,160941,Mk10,19:09:23 04-Jan-2017,Argos,B,52.4688,173.4455,2145,8158,563,104,,,,,,
PV2016_3024_15A0909,160941,Mk10,21:37:04 04-Jan-2017,Argos,B,52.4606,173.4299,2644,6337,1103,103,,,,,,
PV2016_3024_15A0909,160941,Mk10,02:29:34 05-Jan-2017,Argos,B,52.4294,173.4093,3051,6289,1480,87,,,,,,
PV2016_3024_15A0909,160941,Mk10,04:15:48 05-Jan-2017,Argos,B,52.4421,173.4378,3096,7821,1225,94,,,,,,
PV2016_3024_15A0909,160941,Mk10,04:37:15 05-Jan-2017,Argos,3,52.4435,173.4748,210,318,138,93,,,,,,
PV2016_3024_15A0909,160941,Mk10,04:58:48 05-Jan-2017,Argos,3,52.4428,173.4694,183,313,106,65,,,,,,
PV2016_3024_15A0909,160941,Mk10,06:08:02 05-Jan-2017,Argos,B,52.4417,173.4674,1144,22882,57,70,,,,,,
PV2016_3024_15A0909,160941,Mk10,06:24:27 05-Jan-2017,Argos,B,52.4438,173.4716,546,3741,79,97,,,,,,
PV2016_3024_15A0909,160941,Mk10,06:38:25 05-Jan-2017,Argos,B,52.4434,173.4710,1097,4614,260,98,,,,,,
PV2016_3024_15A0909,160941,Mk10,08:06:50 05-Jan-2017,Argos,B,52.4436,173.4720,1571,3238,762,99,,,,,,
PV2016_3024_15A0909,160941,Mk10,01:21:55 06-Jan-2017,Argos,B,52.4440,173.4764,3889,5582,2708,122,,,,,,
PV2016_3024_15A0909,160941,Mk10,02:24:50 06-Jan-2017,Argos,1,52.4489,173.4499,508,4181,61,93,,,,,,
PV2016_3024_15A0909,160941,Mk10,02:49:37 06-Jan-2017,Argos,B,52.4492,173.4520,797,1668,380,91,,,,,,
PV2016_3024_15A0909,160941,Mk10,02:51:20 06-Jan-2017,Argos,B,52.4484,173.4748,741,936,586,94,,,,,,
PV2016_3024_15A0909,160941,Mk10,04:03:21 06-Jan-2017,Argos,B,52.4526,173.4416,1331,2768,640,91,,,,,,
PV2016_3024_15A0909,160941,Mk10,04:30:03 06-Jan-2017,Argos,B,52.4547,173.4700,1459,13162,161,141,,,,,,
PV2016_3024_15A0909,160941,Mk10,04:32:43 06-Jan-2017,Argos,B,52.4465,173.4774,287,855,96,28,,,,,,
PV2016_3024_15A0909,160941,Mk10,05:34:14 06-Jan-2017,Argos,B,52.4456,173.4772,769,5014,117,148,,,,,,
PV2016_3024_15A0909,160941,Mk10,06:08:57 06-Jan-2017,Argos,B,52.4438,173.4753,597,10252,34,89,,,,,,
PV2016_3024_15A0909,160941,Mk10,06:10:29 06-Jan-2017,Argos,B,52.4437,173.4784,1236,9187,166,89,,,,,,
PV2016_3024_15A0909,160941,Mk10,14:33:57 06-Jan-2017,Argos,2,52.4391,173.4821,341,589,197,131,,,,,,
PV2016_3024_15A0909,160941,Mk10,01:02:29 07-Jan-2017,Argos,B,52.4468,173.4872,3708,89083,154,87,,,,,,
PV2016_3024_15A0909,160941,Mk10,04:05:50 07-Jan-2017,Argos,B,52.4463,173.4905,4522,16210,1261,88,,,,,,
PV2016_3024_15A0909,160941,Mk10,04:15:08 07-Jan-2017,Argos,B,52.4465,173.4908,2423,7826,750,87,,,,,,
PV2016_3024_15A0909,160941,Mk10,05:03:38 07-Jan-2017,Argos,B,52.4477,173.5021,1017,2025,510,175,,,,,,
PV2016_3024_15A0909,160941,Mk10,19:32:13 07-Jan-2017,Argos,1,52.4470,173.4626,721,7582,68,100,,,,,,
PV2016_3024_15A0909,160941,Mk10,19:50:31 07-Jan-2017,Argos,1,52.4472,173.4542,1366,15332,121,104,,,,,,
PV2016_3024_15A0909,160941,Mk10,21:23:25 07-Jan-2017,Argos,A,52.4404,173.4716,337,821,137,84,,,,,,
PV2016_3024_15A0909,160941,Mk10,22:16:36 07-Jan-2017,Argos,A,52.4437,173.4692,169,948,30,98,,,,,,
PV2016_3024_15A0909,160941,Mk10,22:58:38 07-Jan-2017,Argos,B,52.4440,173.4707,903,1502,542,90,,,,,,
PV2016_3024_15A0909,160941,Mk10,02:00:49 08-Jan-2017,Argos,3,52.4406,173.4723,142,504,39,84,,,,,,
PV2016_3024_15A0909,160941,Mk10,04:07:52 08-Jan-2017,Argos,B,52.4508,173.4546,1449,2416,868,82,,,,,,
PV2016_3024_15A0909,160941,Mk10,05:22:06 08-Jan-2017,Argos,A,52.4412,173.4716,172,778,38,86,,,,,,
PV2016_3024_15A0909,160941,Mk10,08:51:32 08-Jan-2017,Argos,B,52.5030,173.4365,2067,7354,581,89,,,,,,Lat > 4 deviations from mean
PV2016_3024_15A0909,160941,Mk10,17:28:38 08-Jan-2017,Argos,A,52.4697,173.3793,694,2507,192,161,,,,,,Lat > 4 deviations from mean
PV2016_3024_15A0909,160941,Mk10,17:31:23 08-Jan-2017,Argos,2,52.4284,173.4078,299,1569,57,96,,,,,,
PV2016_3024_15A0909,160941,Mk10,17:33:55 08-Jan-2017,Argos,1,52.4300,173.4029,628,8184,48,79,,,,,,
PV2016_3024_15A0909,160941,Mk10,01:46:33 09-Jan-2017,Argos,B,52.4433,173.4188,3359,39605,284,42,,,,,,
PV2016_3024_15A0909,160941,Mk10,04:56:24 09-Jan-2017,Argos,B,52.4312,173.4099,1255,47613,33,85,,,,,,
PV2016_3024_15A0909,160941,Mk10,05:30:48 09-Jan-2017,Argos,A,52.4377,173.3892,358,752,170,143,,,,,,
PV2016_3024_15A0909,160941,Mk10,05:39:22 09-Jan-2017,Argos,B,52.4367,173.3899,755,1054,540,106,,,,,,
PV2016_3024_15A0909,160941,Mk10,01:32:42 10-Jan-2017,Argos,A,52.4462,173.4266,182,235,140,121,,,,,,
PV2016_3024_15A0909,160941,Mk10,15:16:15 11-Jan-2017,Argos,3,52.4416,173.4711,128,353,46,104,,,,,,
PV2016_3024_15A0909,160941,Mk10,16:04:02 11-Jan-2017,Argos,B,52.4414,173.4865,656,4221,101,120,,,,,,
PV2016_3024_15A0909,160941,Mk10,17:03:11 11-Jan-2017,Argos,B,52.4482,173.4856,1114,2290,541,96,,,,,,
PV2016_3024_15A0909,160941,Mk10,17:42:44 11-Jan-2017,Argos,0,52.4460,173.4897,1864,89523,38,79,,,,,,
PV2016_3024_15A0909,160941,Mk10,17:53:21 11-Jan-2017,Argos,A,52.4427,173.4738,422,1776,100,109,,,,,,
PV2016_3024_15A0909,160941,Mk10,01:14:24 12-Jan-2017,Argos,2,52.4436,173.4734,388,1235,122,99,,,,,,
PV2016_3024_15A0909,160941,Mk10,02:55:51 12-Jan-2017,Argos,B,52.4490,173.4747,2414,24815,234,84,,,,,,
PV2016_3024_15A0909,160941,Mk10,04:36:47 12-Jan-2017,Argos,B,52.4516,173.4751,3632,8791,1500,89,,,,,,
PV2016_3024_15A0909,160941,Mk10,05:02:28 12-Jan-2017,Argos,B,52.4437,173.4688,1279,37200,44,98,,,,,,
PV2016_3024_15A0909,160941,Mk10,05:25:58 12-Jan-2017,Argos,B,52.4450,173.4804,1017,9605,107,111,,,,,,
PV2016_3024_15A0909,160941,Mk10,06:42:31 12-Jan-2017,Argos,A,52.4438,173.4761,169,480,59,67,,,,,,
PV2016_3024_15A0909,160941,Mk10,09:13:32 12-Jan-2017,Argos,B,52.4617,173.4740,1262,6025,264,80,,,,,,
PV2016_3024_15A0909,160941,Mk10,01:06:30 13-Jan-2017,Argos,B,52.5084,173.4979,3854,5096,2913,78,,,,,,Lat > 4 deviations from mean
PV2016_3024_15A0909,160941,Mk10,02:37:22 13-Jan-2017,Argos,1,52.4415,173.5013,521,10046,27,79,,,,,,
PV2016_3024_15A0909,160941,Mk10,04:44:00 13-Jan-2017,Argos,3,52.4380,173.4899,163,286,92,45,,,,,,
PV2016_3024_15A0909,160941,Mk10,04:56:55 13-Jan-2017,Argos,3,52.4403,173.4959,134,327,54,70,,,,,,
PV2016_3024_15A0909,160941,Mk10,05:17:35 13-Jan-2017,Argos,B,52.4384,173.4843,638,1127,361,66,,,,,,
PV2016_3024_15A0909,160941,Mk10,14:53:38 13-Jan-2017,Argos,B,52.3919,173.2854,2134,32220,141,173,,,,,,
PV2016_3024_15A0909,160941,Mk10,01:52:09 17-Jan-2017,Argos,2,52.4416,173.4709,360,1267,102,64,,,,,,
PV2016_3024_15A0909,160941,Mk10,04:03:23 17-Jan-2017,Argos,1,52.4372,173.4601,933,4388,198,108,,,,,,
PV2016_3024_15A0909,160941,Mk10,04:52:03 17-Jan-2017,Argos,B,52.4333,173.4796,1069,2315,493,2,,,,,,
PV2016_3024_15A0909,160941,Mk10,04:56:38 17-Jan-2017,Argos,2,52.4422,173.4693,289,523,159,76,,,,,,
PV2016_3024_15A0909,160941,Mk10,05:44:25 17-Jan-2017,Argos,2,52.4499,173.4561,352,1221,101,100,,,,,,
PV2016_3024_15A0909,160941,Mk10,05:50:01 17-Jan-2017,Argos,B,52.4487,173.4564,509,998,259,93,,,,,,
PV2016_3024_15A0909,160941,Mk10,18:39:48 17-Jan-2017,Argos,2,52.4388,173.4948,397,1121,140,103,,,,,,
PV2016_3024_15A0909,160941,Mk10,01:40:46 18-Jan-2017,Argos,1,52.4422,173.4896,679,1011,455,36,,,,,,
PV2016_3024_15A0909,160941,Mk10,02:52:41 18-Jan-2017,Argos,B,52.4454,173.4953,3269,10920,978,141,,,,,,
PV2016_3024_15A0909,160941,Mk10,04:32:47 18-Jan-2017,Argos,B,52.4417,173.4923,1171,20686,66,114,,,,,,
PV2016_3024_15A0909,160941,Mk10,05:27:00 18-Jan-2017,Argos,3,52.4437,173.4996,141,236,84,96,,,,,,
PV2016_3024_15A0909,160941,Mk10,06:05:27 18-Jan-2017,Argos,1,52.4392,173.4962,592,1150,304,90,,,,,,
PV2016_3024_15A0909,160941,Mk10,06:08:55 18-Jan-2017,Argos,B,52.4412,173.4894,808,1592,409,49,,,,,,
PV2016_3024_15A0909,160941,Mk10,15:29:22 19-Jan-2017,Argos,2,52.4760,173.5920,463,2063,103,79,,,,,,
PV2016_3024_15A0909,160941,Mk10,17:03:54 19-Jan-2017,Argos,B,52.4723,173.5929,1685,3106,913,108,,,,,,
PV2016_3024_15A0909,160941,Mk10,17:57:59 19-Jan-2017,Argos,B,52.4726,173.5916,2439,6326,939,85,,,,,,
PV2016_3024_15A0909,160941,Mk10,18:33:36 19-Jan-2017,Argos,B,52.4714,173.5915,2672,7861,908,88,,,,,,
PV2016_3024_15A0909,160941,Mk10,18:46:48 19-Jan-2017,Argos,B,52.4714,173.5902,1395,4096,475,94,,,,,,
PV2016_3024_15A0909,160941,Mk10,19:14:45 19-Jan-2017,Argos,B,52.4732,173.5865,1087,26140,45,73,,,,,,
PV2016_3024_15A0909,160941,Mk10,19:30:10 19-Jan-2017,Argos,1,52.4698,173.5992,637,19664,20,105,,,,,,
PV2016_3024_15A0909,160941,Mk10,21:09:05 19-Jan-2017,Argos,B,52.4699,173.5981,1477,2684,812,95,,,,,,
PV2016_3024_15A0909,160941,Mk10,22:18:38 19-Jan-2017,Argos,B,52.4690,173.5985,1811,3358,976,95,,,,,,
PV2016_3024_15A0909,160941,Mk10,05:09:15 20-Jan-2017,Argos,B,52.4710,173.5911,2592,7459,900,74,,,,,,
PV2016_3024_15A0909,160941,Mk10,05:23:47 20-Jan-2017,Argos,B,52.4729,173.5920,2626,7601,907,74,,,,,,
PV2016_3024_15A0909,160941,Mk10,06:27:36 20-Jan-2017,Argos,B,52.4720,173.5910,2729,6645,1120,76,,,,,,
PV2016_3024_15A0909,160941,Mk10,06:58:29 20-Jan-2017,Argos,0,52.4983,173.6169,2476,33615,182,90,,,,,,
PV2016_3024_15A0909,160941,Mk10,16:59:43 20-Jan-2017,Argos,A,52.7383,173.9665,589,5640,61,109,,,,,,
PV2016_3024_15A0909,160941,Mk10,17:32:03 20-Jan-2017,Argos,A,52.7521,173.9677,829,3465,198,70,,,,,,
PV2016_3024_15A0909,160941,Mk10,18:00:43 20-Jan-2017,Argos,2,52.7528,173.9182,259,1182,56,85,,,,,,
PV2016_3024_15A0909,160941,Mk10,04:32:38 21-Jan-2017,Argos,B,52.7636,174.3918,8569,22272,3296,90,,,,,,
PV2016_3024_15A0909,160941,Mk10,04:56:50 21-Jan-2017,Argos,B,52.7364,173.9187,998,8797,113,151,,,,,,
PV2016_3024_15A0909,160941,Mk10,04:56:50 21-Jan-2017,Argos,B,52.7250,173.9269,4036,63125,258,146,,,,,,
PV2016_3024_15A0909,160941,Mk10,06:04:48 21-Jan-2017,Argos,B,52.7444,173.9668,1353,1825,1002,108,,,,,,
PV2016_3024_15A0909,160941,Mk10,06:12:52 21-Jan-2017,Argos,A,52.7538,173.9088,178,277,114,45,,,,,,
PV2016_3024_15A0909,160941,Mk10,06:34:31 21-Jan-2017,Argos,B,52.7496,173.9917,1342,39088,46,91,,,,,,
PV2016_3024_15A0909,160941,Mk10,06:36:18 21-Jan-2017,Argos,B,52.7511,173.9182,394,4260,36,78,,,,,,
PV2016_3024_15A0909,160941,Mk10,08:39:46 21-Jan-2017,Argos,B,52.7758,174.0296,2582,247747,26,77,,,,,,
PV2016_3024_15A0909,160941,Mk10,09:26:19 21-Jan-2017,Argos,B,52.7621,173.9745,2565,15139,434,79,,,,,,
PV2016_3024_15A0909,160941,Mk10,15:11:22 21-Jan-2017,Argos,A,52.7575,173.9019,3823,52317,279,105,,,,,,
PV2016_3024_15A0909,160941,Mk10,15:52:18 21-Jan-2017,Argos,1,52.7563,173.9144,1109,2087,589,126,,,,,,
PV2016_3024_15A0909,160941,Mk10,01:01:44 22-Jan-2017,Argos,A,52.7576,173.9004,3979,43996,359,82,,,,,,
PV2016_3024_15A0909,160941,Mk10,02:39:14 22-Jan-2017,Argos,B,52.7540,173.9279,1653,77642,35,82,,,,,,
PV2016_3024_15A0909,160941,Mk10,02:53:30 22-Jan-2017,Argos,B,52.7530,173.9191,1660,11678,235,82,,,,,,
PV2016_3024_15A0909,160941,Mk10,04:20:29 22-Jan-2017,Argos,B,52.7555,173.9375,2091,7457,586,84,,,,,,
PV2016_3024_15A0909,160941,Mk10,04:33:51 22-Jan-2017,Argos,B,52.7545,173.9163,993,9685,101,21,,,,,,
PV2016_3024_15A0909,160941,Mk10,04:43:30 22-Jan-2017,Argos,B,52.7547,173.9177,1051,2296,480,25,,,,,,
PV2016_3024_15A0909,160941,Mk10,05:35:52 22-Jan-2017,Argos,B,52.7509,173.9134,929,6246,138,167,,,,,,
PV2016_3024_15A0909,160941,Mk10,06:29:28 22-Jan-2017,Argos,B,52.7505,173.9178,1284,1534,1074,112,,,,,,
PV2016_3024_15A0909,160941,Mk10,08:08:26 22-Jan-2017,Argos,B,52.7367,173.9108,1755,2783,1106,96,,,,,,
PV2016_3024_15A0909,160941,Mk10,14:56:18 22-Jan-2017,Argos,B,52.6906,173.9147,2610,8073,844,96,,,,,,Lat > 4 deviations from mean
PV2016_3024_15A0909,160941,Mk10,16:32:52 22-Jan-2017,Argos,1,52.7460,173.9307,510,2525,102,97,,,,,,
PV2016_3024_15A0909,160941,Mk10,16:38:39 22-Jan-2017,Argos,B,52.7459,173.9275,1200,2063,697,93,,,,,,
PV2016_3024_15A0909,160941,Mk10,16:56:39 22-Jan-2017,Argos,B,52.7480,173.9262,2280,3907,1330,91,,,,,,
PV2016_3024_15A0909,160941,Mk10,02:28:25 23-Jan-2017,Argos,B,52.7697,173.9922,7609,37375,1549,79,,,,,,
PV2016_3024_15A0909,160941,Mk10,05:05:46 23-Jan-2017,Argos,B,52.7637,173.9568,7147,33181,1539,82,,,,,,
PV2016_3024_15A0909,160941,Mk10,05:49:17 23-Jan-2017,Argos,1,52.7521,173.9301,553,7099,43,84,,,,,,
PV2016_3024_15A0909,160941,Mk10,06:07:18 23-Jan-2017,Argos,B,52.7493,173.9255,703,11784,41,78,,,,,,
PV2016_3024_15A0909,160941,Mk10,06:44:07 23-Jan-2017,Argos,B,52.7397,173.8817,605,3208,114,139,,,,,,
PV2016_3024_15A0909,160941,Mk10,08:40:33 23-Jan-2017,Argos,B,52.7149,173.8461,1412,2786,715,92,,,,,,
PV2016_3024_15A0909,160941,Mk10,22:34:06 23-Jan-2017,Argos,A,52.7214,174.0413,266,1317,53,99,,,,,,
PV2016_3024_15A0909,160941,Mk10,02:13:07 24-Jan-2017,Argos,A,52.7892,174.0316,1093,26908,44,79,,,,,,
PV2016_3024_15A0909,160941,Mk10,05:20:42 24-Jan-2017,Argos,B,52.7499,173.9643,2606,115702,58,91,,,,,,
PV2016_3024_15A0909,160941,Mk10,04:56:26 25-Jan-2017,Argos,A,52.7541,173.9156,414,4318,39,70,,,,,,
PV2016_3024_15A0909,160941,Mk10,05:41:56 25-Jan-2017,Argos,B,52.7477,173.8961,1615,5534,471,72,,,,,,
PV2016_3024_15A0909,160941,Mk10,01:54:09 26-Jan-2017,Argos,2,52.7522,173.9062,283,472,169,82,,,,,,
PV2016_3024_15A0909,160941,Mk10,04:30:39 26-Jan-2017,Argos,B,52.7622,173.9071,3034,6215,1481,87,,,,,,
PV2016_3024_15A0909,160941,Mk10,05:11:58 26-Jan-2017,Argos,B,52.7841,173.9193,1257,5752,274,25,,,,,,
PV2016_3024_15A0909,160941,Mk10,05:39:54 26-Jan-2017,Argos,B,52.7719,173.9171,893,1563,510,66,,,,,,
PV2016_3024_15A0909,160941,Mk10,04:07:58 27-Jan-2017,Argos,1,52.7483,173.9119,521,1709,159,95,,,,,,
PV2016_3024_15A0909,160941,Mk10,05:29:22 27-Jan-2017,Argos,B,52.7605,173.9199,4062,6911,2387,81,,,,,,
PV2016_3024_15A0909,160941,Mk10,05:50:06 27-Jan-2017,Argos,1,52.7481,173.8989,808,14933,43,81,,,,,,
PV2016_3024_15A0909,160941,Mk10,19:40:57 27-Jan-2017,Argos,B,52.7383,173.9051,7679,12932,4559,88,,,,,,
PV2016_3024_15A0909,160941,Mk10,21:06:32 27-Jan-2017,Argos,B,52.7512,173.9140,5933,14879,2366,93,,,,,,
PV2016_3024_15A0909,160941,Mk10,21:06:32 27-Jan-2017,Argos,B,52.7510,173.9109,4520,10361,1971,103,,,,,,
PV2016_3024_15A0909,160941,Mk10,21:17:17 27-Jan-2017,Argos,B,52.7502,173.9198,2715,5371,1371,107,,,,,,
PV2016_3024_15A0909,160941,Mk10,01:33:52 28-Jan-2017,Argos,B,52.7360,173.9105,2598,5191,1300,73,,,,,,
PV2016_3024_15A0909,160941,Mk10,05:12:58 28-Jan-2017,Argos,B,52.7288,173.9160,2843,4351,1856,91,,,,,,
PV2016_3024_15A0909,160941,Mk10,05:23:55 28-Jan-2017,Argos,2,52.7573,173.9260,372,2130,64,60,,,,,,
PV2016_3024_15A0909,160941,Mk10,05:47:39 28-Jan-2017,Argos,A,52.7581,173.9072,348,1419,85,132,,,,,,
PV2016_3024_15A0909,160941,Mk10,22:26:42 28-Jan-2017,Argos,2,52.7443,173.9334,261,757,89,94,,,,,,
PV2016_3024_15A0909,160941,Mk10,01:21:52 29-Jan-2017,Argos,B,52.7473,173.9331,1207,33748,43,90,,,,,,
PV2016_3024_15A0909,160941,Mk10,02:58:15 29-Jan-2017,Argos,B,52.7451,173.9332,1777,4906,643,89,,,,,,
PV2016_3024_15A0909,160941,Mk10,04:57:19 29-Jan-2017,Argos,B,52.7452,173.9358,1299,21698,77,129,,,,,,
PV2016_3024_15A0909,160941,Mk10,04:58:52 29-Jan-2017,Argos,B,52.7468,173.9340,184,560,60,60,,,,,,
PV2016_3024_15A0909,160941,Mk10,05:17:50 29-Jan-2017,Argos,B,52.7462,173.9341,616,1043,363,87,,,,,,
PV2016_3024_15A0909,160941,Mk10,06:43:38 29-Jan-2017,Argos,B,52.7403,173.9388,1287,2444,677,81,,,,,,
PV2016_3024_15A0909,160941,Mk10,18:24:26 29-Jan-2017,Argos,B,52.7166,173.9534,3409,6181,1879,101,,,,,,
PV2016_3024_15A0909,160941,Mk10,19:00:17 29-Jan-2017,Argos,B,52.6988,173.9499,2734,14349,521,96,,,,,,Lat > 4 deviations from mean
PV2016_3024_15A0909,160941,Mk10,22:09:20 29-Jan-2017,Argos,1,52.7582,173.9126,827,1934,353,89,,,,,,
PV2016_3024_15A0909,160941,Mk10,02:43:28 30-Jan-2017,Argos,2,52.7528,173.9224,479,5477,41,84,,,,,,
PV2016_3024_15A0909,160941,Mk10,04:33:42 30-Jan-2017,Argos,B,52.7601,173.8956,2413,4147,1404,79,,,,,,
PV2016_3024_15A0909,160941,Mk10,05:44:13 31-Jan-2017,Argos,B,52.7244,173.7940,5519,253015,120,78,,,,,,
PV2016_3024_15A0909,160941,Mk10,02:26:37 01-Feb-2017,Argos,B,52.7303,173.9764,3008,82642,109,105,,,,,,
PV2016_3024_15A0909,160941,Mk10,04:05:15 01-Feb-2017,Argos,B,52.7350,173.9557,2973,13640,647,102,,,,,,
PV2016_3024_15A0909,160941,Mk10,04:30:35 01-Feb-2017,Argos,A,52.7447,173.9298,372,2722,50,100,,,,,,
PV2016_3024_15A0909,160941,Mk10,05:23:41 01-Feb-2017,Argos,B,52.7466,173.9259,1025,1972,532,90,,,,,,
PV2016_3024_15A0909,160941,Mk10,06:04:15 01-Feb-2017,Argos,A,52.7340,173.9311,1399,73269,26,78,,,,,,
PV2016_3024_15A0909,160941,Mk10,06:57:15 01-Feb-2017,Argos,B,52.7314,173.9265,5767,15272,2177,80,,,,,,
PV2016_3024_15A0909,160941,Mk10,08:59:04 01-Feb-2017,Argos,B,52.7251,173.9225,8482,17259,4168,83,,,,,,
PV2016_3024_15A0909,160941,Mk10,15:07:30 01-Feb-2017,Argos,B,52.6958,173.9398,3103,6582,1463,83,,,,,,
PV2016_3024_15A0909,160941,Mk10,18:01:16 01-Feb-2017,Argos,B,52.6570,173.8873,2833,7129,1126,102,,,,,,
PV2016_3024_15A0909,160941,Mk10,18:22:15 01-Feb-2017,Argos,B,52.6365,174.0339,1672,20453,136,174,,,,,,
PV2016_3024_15A0909,160941,Mk10,18:28:43 01-Feb-2017,Argos,B,52.6270,174.0345,811,1457,451,171,,,,,,
PV2016_3024_15A0909,160941,Mk10,19:05:39 01-Feb-2017,Argos,B,52.6234,174.0304,1072,1347,852,95,,,,,,
PV2016_3024_15A0909,160941,Mk10,02:16:15 02-Feb-2017,Argos,A,52.7487,173.9045,1078,11483,101,82,,,,,,
PV2016_3024_15A0909,160941,Mk10,04:57:58 02-Feb-2017,Argos,A,52.7504,173.9107,263,378,183,61,,,,,,
PV2016_3024_15A0909,160941,Mk10,02:04:16 03-Feb-2017,Argos,B,52.7498,173.8459,1830,83311,40,92,,,,,,
PV2016_3024_15A0909,160941,Mk10,02:53:18 03-Feb-2017,Argos,B,52.7511,173.8774,2300,12403,426,92,,,,,,
PV2016_3024_15A0909,160941,Mk10,04:02:07 03-Feb-2017,Argos,A,52.7460,173.9329,229,302,173,154,,,,,,
PV2016_3024_15A0909,160941,Mk10,04:32:49 03-Feb-2017,Argos,3,52.7439,173.9247,171,229,127,50,,,,,,
PV2016_3024_15A0909,160941,Mk10,05:53:55 03-Feb-2017,Argos,A,52.7466,173.9236,182,734,45,91,,,,,,
PV2016_3024_15A0909,160941,Mk10,06:03:52 03-Feb-2017,Argos,B,52.7484,173.9238,910,14417,57,78,,,,,,
PV2016_3024_15A0909,160941,Mk10,06:13:59 03-Feb-2017,Argos,A,52.7418,173.9371,178,553,57,104,,,,,,
PV2016_3024_15A0909,160941,Mk10,06:33:45 03-Feb-2017,Argos,B,52.7404,173.9408,631,1071,371,91,,,,,,
PV2016_3024_15A0909,160941,Mk10,08:12:13 03-Feb-2017,Argos,B,52.7316,173.9485,1438,2601,794,91,,,,,,
PV2016_3024_15A0909,160941,Mk10,16:03:14 03-Feb-2017,Argos,B,52.7021,173.9104,3075,5742,1646,97,,,,,,
PV2016_3024_15A0909,160941,Mk10,16:40:29 03-Feb-2017,Argos,B,52.6472,173.9545,2963,7155,1227,88,,,,,,
PV2016_3024_15A0909,160941,Mk10,01:35:30 05-Feb-2017,Argos,2,52.7461,173.9228,384,554,265,73,,,,,,
PV2016_3024_15A0909,160941,Mk10,04:59:18 05-Feb-2017,Argos,B,52.7120,173.9908,8674,16930,4444,87,,,,,,Lon > 4 deviations from mean
PV2016_3024_15A0909,160941,Mk10,05:24:08 05-Feb-2017,Argos,2,52.7366,173.9164,463,2502,85,63,,,,,,
PV2016_3024_15A0909,160941,Mk10,05:27:17 05-Feb-2017,Argos,3,52.7422,173.9210,235,1418,39,76,,,,,,
PV2016_3024_15A0909,160941,Mk10,05:56:05 05-Feb-2017,Argos,B,52.7420,173.9207,910,1521,544,87,,,,,,
PV2016_3024_15A0909,160941,Mk10,06:37:55 05-Feb-2017,Argos,A,52.7486,173.9362,228,335,155,51,,,,,,
PV2016_3024_15A0909,160941,Mk10,08:18:36 05-Feb-2017,Argos,3,52.7474,173.9292,224,429,117,99,,,,,,
PV2016_3024_15A0909,160941,Mk10,08:22:31 05-Feb-2017,Argos,B,52.7476,173.9295,576,997,332,91,,,,,,
PV2016_3024_15A0909,160941,Mk10,01:29:10 06-Feb-2017,Argos,B,52.7711,173.9074,6182,23064,1656,73,,,,,,Lat > 4 deviations from mean
PV2016_3024_15A0909,160941,Mk10,04:50:42 06-Feb-2017,Argos,B,52.7531,173.9128,1879,9161,385,152,,,,,,
PV2016_3024_15A0909,160941,Mk10,04:56:42 06-Feb-2017,Argos,3,52.7495,173.9085,234,649,84,84,,,,,,
PV2016_3024_15A0909,160941,Mk10,05:06:45 06-Feb-2017,Argos,3,52.7519,173.9101,134,263,68,82,,,,,,
PV2016_3024_15A0909,160941,Mk10,01:12:29 07-Feb-2017,Argos,3,52.7497,173.9125,199,567,70,53,,,,,,
PV2016_3024_15A0909,160941,Mk10,02:57:08 07-Feb-2017,Argos,B,52.7446,173.9156,1260,2565,618,81,,,,,,
PV2016_3024_15A0909,160941,Mk10,04:30:41 07-Feb-2017,Argos,A,52.7547,173.9174,424,2601,69,58,,,,,,
PV2016_3024_15A0909,160941,Mk10,04:56:28 07-Feb-2017,Argos,3,52.7504,173.9115,153,254,92,58,,,,,,
PV2016_3024_15A0909,160941,Mk10,05:41:12 07-Feb-2017,Argos,3,52.7477,173.9182,181,455,72,63,,,,,,
PV2016_3024_15A0909,160941,Mk10,02:41:58 08-Feb-2017,Argos,2,52.7518,173.9136,295,3792,22,79,,,,,,
PV2016_3024_15A0909,160941,Mk10,04:06:25 08-Feb-2017,Argos,B,52.7519,173.9104,1546,2902,823,86,,,,,,
PV2016_3024_15A0909,160941,Mk10,04:27:39 08-Feb-2017,Argos,B,52.7443,173.9031,1513,2775,824,87,,,,,,
PV2016_3024_15A0909,160941,Mk10,04:45:51 08-Feb-2017,Argos,B,52.7243,173.9243,985,7950,122,155,,,,,,
PV2016_3024_15A0909,160941,Mk10,05:06:29 08-Feb-2017,Argos,B,52.7398,173.9051,1056,1787,624,7,,,,,,
PV2016_3024_15A0909,160941,Mk10,04:43:40 09-Feb-2017,Argos,B,52.6136,173.8683,4767,6327,3591,87,,,,,,
PV2016_3024_15A0909,160941,Mk10,06:14:12 09-Feb-2017,Argos,B,52.7023,173.8772,3385,28339,404,76,,,,,,
PV2016_3024_15A0909,160941,Mk10,06:14:39 09-Feb-2017,Argos,B,52.7122,173.9076,2411,18931,307,79,,,,,,
PV2016_3024_15A0909,160941,Mk10,06:59:46 09-Feb-2017,Argos,B,52.7140,173.9103,2519,13542,468,80,,,,,,
PV2016_3024_15A0909,160941,Mk10,19:59:33 09-Feb-2017,Argos,B,52.7188,174.0225,4077,11914,1395,79,,,,,,
PV2016_3024_15A0909,160941,Mk10,21:40:33 09-Feb-2017,Argos,B,52.7063,173.9760,1762,24375,127,131,,,,,,
PV2016_3024_15A0909,160941,Mk10,22:35:54 09-Feb-2017,Argos,A,52.7448,173.9368,633,19427,20,99,,,,,,
PV2016_3024_15A0909,160941,Mk10,02:18:36 10-Feb-2017,Argos,2,52.7467,173.9353,269,2155,33,82,,,,,,
PV2016_3024_15A0909,160941,Mk10,04:24:32 10-Feb-2017,Argos,A,52.7468,173.9285,197,427,90,99,,,,,,
PV2016_3024_15A0909,160941,Mk10,04:57:12 10-Feb-2017,Argos,3,52.7459,173.9304,136,198,93,78,,,,,,
PV2016_3024_15A0909,160941,Mk10,05:43:20 10-Feb-2017,Argos,A,52.7476,173.9329,349,959,127,13,,,,,,
PV2016_3024_15A0909,160941,Mk10,06:01:56 10-Feb-2017,Argos,A,52.7481,173.9359,424,8889,20,76,,,,,,
PV2016_3024_15A0909,160941,Mk10,06:36:47 10-Feb-2017,Argos,B,52.7506,173.9265,1228,2559,589,84,,,,,,
PV2016_3024_15A0909,160941,Mk10,15:26:39 10-Feb-2017,Argos,B,52.7144,173.9439,3162,6165,1621,86,,,,,,
PV2016_3024_15A0909,160941,Mk10,17:09:27 10-Feb-2017,Argos,B,52.7236,173.9738,3196,4348,2349,74,,,,,,
PV2016_3024_15A0909,160941,Mk10,17:09:27 10-Feb-2017,Argos,B,52.6499,173.9901,2428,6748,873,74,,,,,,
PV2016_3024_15A0909,160941,Mk10,18:20:52 10-Feb-2017,Argos,B,52.6535,174.0039,2495,8885,700,73,,,,,,
PV2016_3024_15A0909,160941,Mk10,18:50:31 10-Feb-2017,Argos,B,52.6713,174.0362,1890,5912,604,85,,,,,,
PV2016_3024_15A0909,160941,Mk10,18:50:31 10-Feb-2017,Argos,B,52.6693,174.0477,1658,4133,665,91,,,,,,
PV2016_3024_15A0909,160941,Mk10,02:15:26 11-Feb-2017,Argos,B,52.7423,173.8840,7892,615419,101,73,,,,,,
PV2016_3024_15A0909,160941,Mk10,02:55:23 11-Feb-2017,Argos,B,52.7371,173.8872,7980,40176,1585,73,,,,,,
PV2016_3024_15A0909,160941,Mk10,04:16:15 11-Feb-2017,Argos,B,52.7299,173.8885,9118,28892,2877,74,,,,,,
PV2016_3024_15A0909,160941,Mk10,05:50:40 11-Feb-2017,Argos,2,52.7528,173.9215,400,2397,66,76,,,,,,
PV2016_3024_15A0909,160941,Mk10,06:12:28 11-Feb-2017,Argos,B,52.7509,173.9251,1068,23025,49,87,,,,,,
PV2016_3024_15A0909,160941,Mk10,08:52:26 11-Feb-2017,Argos,B,52.7452,173.9482,4701,7764,2846,88,,,,,,
PV2016_3024_15A0909,160941,Mk10,09:38:04 11-Feb-2017,Argos,B,52.7457,173.9445,4322,7706,2423,92,,,,,,
PV2016_3024_15A0909,160941,Mk10,16:06:10 11-Feb-2017,Argos,B,52.6889,174.0073,3201,6458,1586,88,,,,,,
PV2016_3024_15A0909,160941,Mk10,18:08:17 11-Feb-2017,Argos,B,52.6167,174.1093,4851,18265,1288,72,,,,,,
PV2016_3024_15A0909,160941,Mk10,19:46:24 11-Feb-2017,Argos,B,52.6136,174.1176,5477,15280,1962,76,,,,,,
PV2016_3024_15A0909,160941,Mk10,21:33:14 11-Feb-2017,Argos,B,52.6535,174.1901,3620,9910,1322,89,,,,,,Lon > 4 deviations from mean
PV2016_3024_15A0909,160941,Mk10,21:52:33 11-Feb-2017,Argos,B,52.7553,173.9687,2125,122735,36,74,,,,,,
PV2016_3024_15A0909,160941,Mk10,22:39:04 11-Feb-2017,Argos,0,52.7349,173.9734,2508,93716,67,100,,,,,,
PV2016_3024_15A0909,160941,Mk10,01:57:16 12-Feb-2017,Argos,A,52.7456,173.9368,391,2117,72,74,,,,,,
PV2016_3024_15A0909,160941,Mk10,04:03:10 12-Feb-2017,Argos,B,52.7406,173.9496,1079,1927,604,126,,,,,,
PV2016_3024_15A0909,160941,Mk10,04:08:49 12-Feb-2017,Argos,B,52.7533,173.9335,667,4367,102,32,,,,,,
PV2016_3024_15A0909,160941,Mk10,05:37:25 12-Feb-2017,Argos,3,52.7476,173.9341,133,645,27,76,,,,,,
PV2016_3024_15A0909,160941,Mk10,05:48:24 12-Feb-2017,Argos,1,52.7458,173.9293,820,8398,80,81,,,,,,
PV2016_3024_15A0909,160941,Mk10,06:23:02 12-Feb-2017,Argos,A,52.7479,173.9311,334,1186,94,70,,,,,,
PV2016_3024_15A0909,160941,Mk10,06:52:42 12-Feb-2017,Argos,B,52.7479,173.9312,1272,2098,771,88,,,,,,
PV2016_3024_15A0909,160941,Mk10,08:02:07 12-Feb-2017,Argos,2,52.7458,173.9250,264,840,83,120,,,,,,
PV2016_3024_15A0909,160941,Mk10,08:25:46 12-Feb-2017,Argos,3,52.7466,173.9294,180,276,117,82,,,,,,
PV2016_3024_15A0909,160941,Mk10,01:49:24 13-Feb-2017,Argos,A,52.7515,173.9110,208,423,101,102,,,,,,
PV2016_3024_15A0909,160941,Mk10,05:22:16 13-Feb-2017,Argos,B,52.7429,173.8891,1311,40277,42,69,,,,,,
PV2016_3024_15A0909,160941,Mk10,05:32:22 13-Feb-2017,Argos,A,52.7516,173.9147,154,229,103,102,,,,,,
